study_id,site,admission_date,age,sex,weight_kg,diabetes,ckd,heart_failure,hypertension,infection_source,sofa,apache_ii,lactate_mmol_l,map_mmhg,vasopressor,mech_vent,fluid_in_d1_ml,fluid_out_d1_ml,fluid_in_d2_ml,fluid_out_d2_ml,fluid_in_d3_ml,fluid_out_d3_ml,cum_fluid_balance_d3_ml_kg,positive_balance_d3,aki_stage,aki_any,rrt,vent_free_days_28,icu_los_days,died_28d,time_to_event_28d
FLU-001,ICU D,2023-01-01,55,Male,67.3,No,No,No,Yes,Abdominal,11,23,1.9,59,Yes,No,1510,1600,1540,1590,2860,2870,-2.2,No,3,Yes,Yes,28,7.2,No,28
FLU-002,ICU A,2023-01-02,55,Male,82.8,No,No,Yes,Yes,Urinary,4,13,2.6,76,No,No,670,2320,1690,2040,1380,1890,-30.3,No,0,No,No,28,7,No,28
FLU-003,ICU C,2023-01-02,52,Female,58.6,No,No,No,No,Respiratory,10,20,1.5,79,No,No,1940,1570,2770,2550,3290,3120,13,Yes,0,No,No,28,7.9,No,28
FLU-004,ICU D,2023-01-02,49,Male,69,No,No,No,No,Urinary,4,11,1.2,90,No,Yes,1580,1740,2630,2740,2790,2900,-5.5,No,0,No,No,16,2.9,No,28
FLU-005,ICU B,2023-01-03,82,Male,57.3,No,No,Yes,No,Respiratory,8,28,3.4,70,Yes,No,2380,1320,2490,1940,3110,2130,45.2,Yes,2,Yes,No,0,1.9,Yes,2
FLU-006,ICU C,2023-01-04,67,Male,71,No,No,No,Yes,Respiratory,8,24,5,73,No,No,1460,660,3230,2980,1300,1250,15.5,Yes,1,Yes,No,28,7.5,No,28
FLU-007,ICU C,2023-01-09,29,Male,80.1,No,No,No,Yes,Respiratory,9,19,2,68,No,Yes,920,1580,590,1100,2480,2800,-18.6,No,0,No,No,0,20.3,Yes,21
FLU-008,ICU B,2023-01-10,78,Male,69.9,Yes,No,No,No,Respiratory,7,23,3.4,78,No,Yes,1860,1070,2470,2150,2370,2110,19.6,Yes,0,No,No,22,4.6,No,28
FLU-009,ICU A,2023-01-11,91,Female,55,Yes,No,Yes,Yes,Respiratory,7,25,2.5,72,Yes,Yes,1160,1230,2000,2030,2520,2530,-2,No,0,No,No,0,0.8,Yes,1
FLU-010,ICU B,2023-01-11,89,Male,80.5,No,No,No,Yes,Other,12,33,4.5,64,Yes,Yes,3140,820,4430,3340,1420,1080,46.6,Yes,3,Yes,No,13,14.9,No,28
FLU-011,ICU A,2023-01-13,84,Male,48.7,No,No,No,Yes,Abdominal,6,12,1.3,80,Yes,No,1540,2120,1370,1510,1170,1300,-17.5,No,0,No,No,28,11.4,No,28
FLU-012,ICU A,2023-01-14,61,Female,57.7,Yes,No,No,No,Other,4,20,2.4,63,Yes,Yes,1540,1090,3080,2760,1640,1390,17.7,Yes,1,Yes,No,13,16.6,No,28
FLU-013,ICU A,2023-01-15,80,Male,80.3,No,No,No,Yes,Skin/soft tissue,7,27,3.5,75,No,No,1960,950,2030,1430,1560,1300,23.3,Yes,3,Yes,Yes,0,5.7,Yes,6
FLU-014,ICU C,2023-01-16,60,Male,59.9,No,No,No,Yes,Respiratory,9,17,3.5,73,No,Yes,3740,2820,2110,1840,3280,2720,29.2,Yes,1,Yes,No,25,9.4,No,28
FLU-015,ICU A,2023-01-16,59,Male,70.2,No,No,No,No,Other,7,20,2,68,Yes,No,2890,1900,2300,1880,1870,1650,23.2,Yes,3,Yes,Yes,28,6,No,28
FLU-016,ICU D,2023-01-17,94,Male,38,No,No,No,Yes,Respiratory,1,,,75,No,No,1150,1280,1910,1970,3100,3140,-6.1,No,0,No,No,28,4.6,No,28
FLU-017,ICU A,2023-01-17,54,Female,54.7,No,No,No,No,Respiratory,8,26,4.1,71,No,No,1000,1210,1100,1150,1930,1990,-5.9,No,0,No,No,28,4.5,No,28
FLU-018,ICU B,2023-01-17,58,Male,75,No,No,No,No,Abdominal,13,34,5.6,49,Yes,Yes,3550,1050,2730,1820,1580,1130,51.5,Yes,2,Yes,No,0,2.4,Yes,3
FLU-019,ICU D,2023-01-18,94,Female,67.5,Yes,Yes,Yes,Yes,Abdominal,6,20,3.9,77,Yes,Yes,2950,730,3080,1330,2650,1260,79.4,Yes,3,Yes,Yes,0,15.7,Yes,16
FLU-020,ICU C,2023-01-20,66,Male,58.1,Yes,No,Yes,Yes,Urinary,7,22,5.4,70,No,No,2260,1660,1560,1180,1770,1530,21,Yes,3,Yes,No,28,18.6,No,28
FLU-021,ICU A,2023-01-20,40,Female,47.8,Yes,No,No,No,Respiratory,6,13,1.4,67,No,Yes,1320,1390,1060,1080,2510,2550,-2.7,No,0,No,No,25,5.1,No,28
FLU-022,ICU C,2023-01-22,55,Male,80.1,No,No,No,No,Respiratory,9,21,4.6,,Yes,No,2990,1750,1430,1190,3230,2820,23.6,Yes,0,No,No,28,15.6,No,28
FLU-023,ICU A,2023-01-25,18,Female,44.4,No,No,No,No,Abdominal,17,35,4.3,57,Yes,Yes,3000,2280,1940,1640,1440,970,33.6,Yes,3,Yes,Yes,0,6.4,Yes,7
FLU-024,ICU A,2023-01-26,45,Male,62,No,No,No,No,Skin/soft tissue,10,21,3.2,65,Yes,Yes,2990,1410,3110,1830,3480,2890,55.6,Yes,3,Yes,No,24,13,No,28
FLU-025,ICU B,2023-01-27,94,Female,49.7,Yes,No,No,Yes,Urinary,7,20,1.5,67,No,No,1350,1780,1800,2200,3290,3680,-24.5,No,0,No,No,0,7.3,Yes,8
FLU-026,ICU B,2023-01-28,70,Female,49.4,No,No,No,No,Respiratory,5,11,0.6,64,No,Yes,1980,2010,2070,2090,2110,2130,-1.4,No,0,No,No,25,6.4,No,28
FLU-027,ICU C,2023-01-28,68,Female,51.3,No,No,No,Yes,Respiratory,13,27,5.8,52,Yes,Yes,2620,980,1720,1530,2270,1680,47.2,Yes,3,Yes,Yes,18,8.4,No,28
FLU-028,ICU C,2023-02-01,61,Male,61.8,Yes,No,No,No,Urinary,7,23,2.4,87,Yes,No,2090,2220,4450,4530,840,960,-5.3,No,0,No,No,28,10.1,No,28
FLU-029,ICU A,2023-02-02,55,Male,83.7,Yes,No,No,No,Urinary,9,26,3.4,71,Yes,No,1770,2270,1960,2110,2000,2100,-9,No,2,Yes,No,28,7.3,No,28
FLU-030,ICU A,2023-02-04,75,Female,45.8,No,No,No,No,Other,5,16,2.7,61,No,Yes,1530,1000,2510,2240,4070,3730,24.9,Yes,0,No,No,23,14.5,No,28
FLU-031,ICU B,2023-02-06,66,Male,67.7,Yes,Yes,No,Yes,Urinary,1,3,,83,No,No,550,2170,1980,2420,4140,4270,-32.3,No,0,No,No,28,2,No,28
FLU-032,ICU D,2023-02-09,71,Male,68,Yes,No,No,Yes,Respiratory,3,11,,86,No,No,930,1800,1990,2690,2750,3000,-26.8,No,0,No,No,28,2.2,No,28
FLU-033,ICU C,2023-02-11,59,Male,89.5,No,No,No,Yes,Respiratory,4,3,1.2,89,No,No,2900,1960,2940,2330,3310,3150,19.1,Yes,0,No,No,28,5.4,No,28
FLU-034,ICU C,2023-02-13,69,Female,71.3,No,No,No,No,Urinary,12,25,8.9,62,Yes,No,2540,840,3310,2480,2120,1770,40.4,Yes,0,No,No,28,19.7,No,28
FLU-035,ICU A,2023-02-14,81,Male,74.9,No,No,No,Yes,Other,11,27,5.5,63,Yes,No,1870,1910,1240,1270,2130,2140,-1.1,No,3,Yes,No,0,16.3,Yes,17
FLU-036,ICU A,2023-02-15,38,Male,47.3,No,No,No,No,Respiratory,4,7,1.4,73,No,Yes,1820,1460,2970,2790,3360,3300,12.7,Yes,0,No,No,22,6.5,No,28
FLU-037,ICU D,2023-02-16,60,Female,53.2,No,No,Yes,Yes,Respiratory,3,3,0.8,80,No,No,1210,1920,2510,3140,2520,2800,-30.5,No,0,No,No,28,3.3,No,28
FLU-038,ICU B,2023-02-17,40,Male,56.7,No,No,No,Yes,Other,4,20,,73,No,No,2540,2710,2060,2250,1860,1950,-7.9,No,0,No,No,28,9.5,No,28
FLU-039,ICU B,2023-02-17,50,Female,70.4,No,No,No,No,Other,10,21,3.8,70,Yes,No,1640,1150,1490,1370,3300,3230,9.7,Yes,2,Yes,No,28,7.8,No,28
FLU-040,ICU D,2023-02-18,69,Male,49.9,No,No,Yes,Yes,Respiratory,10,19,1.8,71,Yes,No,1480,1810,1450,1550,2410,2560,-11.6,No,2,Yes,No,28,3.9,No,28
FLU-041,ICU B,2023-02-24,51,Female,66.9,No,No,No,No,Respiratory,7,14,4,71,Yes,Yes,960,1810,2100,2320,4240,4500,-19.9,No,3,Yes,No,24,5,No,28
FLU-042,ICU B,2023-02-24,73,Female,46.6,No,No,No,No,Urinary,4,23,1.4,85,Yes,No,2020,2490,1680,1810,1710,1790,-14.6,No,0,No,No,28,2.5,No,28
FLU-043,ICU C,2023-02-25,73,Male,51.1,No,No,No,No,Respiratory,6,7,0.6,83,No,No,610,1390,1610,2070,2880,2990,-26.4,No,0,No,No,28,3,No,28
FLU-044,ICU C,2023-02-25,67,Male,75.8,No,No,No,Yes,Urinary,6,21,1.4,72,No,Yes,3120,1560,3100,2220,1530,1200,36.5,Yes,0,No,No,26,9.7,No,28
FLU-045,ICU D,2023-02-28,69,Male,83.6,No,No,No,Yes,Respiratory,4,12,3,77,No,No,570,1200,2910,3220,2220,2440,-13.9,No,0,No,No,28,2.3,No,28
FLU-046,ICU C,2023-02-28,70,Female,62.1,No,Yes,No,Yes,Respiratory,7,26,2.7,67,Yes,Yes,2190,1410,2140,1580,2340,2130,25,Yes,3,Yes,No,0,21.5,Yes,22
FLU-047,ICU B,2023-03-01,74,Male,62.4,No,No,No,No,Respiratory,4,26,1.2,86,No,Yes,1330,840,3170,2670,3270,3050,19.4,Yes,0,No,No,23,3.6,No,28
FLU-048,ICU C,2023-03-07,80,Female,41.3,No,No,No,No,Abdominal,6,20,1.8,77,Yes,No,660,2080,1880,2310,2700,2810,-47.5,No,0,No,No,28,1.6,No,28
FLU-049,ICU B,2023-03-10,21,Female,41.4,No,No,No,Yes,Abdominal,8,11,3.5,76,No,No,1590,1010,3290,2870,2260,1840,34.3,Yes,0,No,No,28,4,No,28
FLU-050,ICU C,2023-03-11,18,Female,58.5,No,No,No,No,Respiratory,13,24,4.5,59,Yes,No,2170,610,2700,1970,1540,1410,41.4,Yes,3,Yes,Yes,0,14.9,Yes,15
FLU-051,ICU D,2023-03-11,76,Male,72,No,No,No,No,Urinary,9,26,5.1,71,No,Yes,3750,1470,2170,790,1890,1500,56.2,Yes,0,No,No,0,1.8,Yes,2
FLU-052,ICU A,2023-03-11,44,Male,69,No,No,No,No,Other,7,17,,63,No,No,1080,1880,640,900,2580,3040,-22,No,0,No,No,28,3.5,No,28
FLU-053,ICU A,2023-03-14,72,Male,67.2,No,No,Yes,No,Urinary,9,23,1.8,62,Yes,Yes,3610,3940,3060,3450,720,1100,-16.4,No,0,No,No,26,6.6,No,28
FLU-054,ICU B,2023-03-15,32,Male,63,No,Yes,No,No,Other,9,20,1.6,69,No,Yes,2990,2250,1430,1160,2280,2160,17.9,Yes,2,Yes,No,16,11,No,28
FLU-055,ICU D,2023-03-19,72,Male,80,Yes,No,Yes,No,Respiratory,14,29,9.3,58,Yes,Yes,4040,1470,1800,660,2350,1410,58.1,Yes,3,Yes,Yes,0,8.3,Yes,9
FLU-056,ICU D,2023-03-20,59,Male,76,Yes,No,No,No,Respiratory,11,15,3.1,55,Yes,Yes,1600,740,1540,1100,1830,1580,20.4,Yes,1,Yes,No,23,5.2,No,28
FLU-057,ICU A,2023-03-22,79,Male,62.6,Yes,No,Yes,Yes,Other,8,18,1.6,79,Yes,Yes,3020,2050,2380,1820,1750,1540,27.8,Yes,0,No,No,22,5.2,No,28
FLU-058,ICU B,2023-03-24,37,Male,60.4,No,No,Yes,No,Other,8,13,1.6,73,Yes,Yes,1770,1310,2960,2510,1550,1320,18.9,Yes,0,No,No,0,0.7,Yes,1
FLU-059,ICU B,2023-03-26,64,Male,77.9,Yes,No,No,No,Respiratory,4,11,1.7,83,No,Yes,1650,1510,1590,1540,1600,1590,2.6,Yes,0,No,No,0,0.7,Yes,1
FLU-060,ICU B,2023-03-27,70,Female,75.4,Yes,No,Yes,No,Respiratory,7,21,1.9,55,No,No,1320,1660,2020,2200,1670,1760,-8.1,No,0,No,No,28,2.3,No,28
FLU-061,ICU B,2023-03-27,76,Female,53.6,No,No,No,No,Urinary,3,9,1.2,89,No,No,2670,2890,2550,2660,4780,4830,-7.1,No,0,No,No,28,3,No,28
FLU-062,ICU D,2023-03-27,42,Female,46.5,No,No,No,No,Urinary,11,21,5.3,69,Yes,Yes,1480,1230,780,650,3110,3010,10.3,Yes,2,Yes,No,0,11.8,Yes,12
FLU-063,ICU C,2023-03-28,57,Male,71.2,No,No,No,Yes,Urinary,7,15,2.3,77,No,Yes,850,1230,1350,1720,1600,1680,-11.7,No,0,No,No,25,8,No,28
FLU-064,ICU B,2023-03-29,75,Male,60.7,No,No,No,Yes,Abdominal,7,19,1.5,66,No,No,2990,3130,3170,3200,2810,2850,-3.5,No,2,Yes,No,0,2,Yes,2
FLU-065,ICU C,2023-03-29,70,Male,78.9,No,No,No,Yes,Respiratory,4,3,,84,No,No,1870,2520,6480,6890,2090,2340,-16.6,No,0,No,No,28,5.4,No,28
FLU-066,ICU C,2023-03-29,78,Male,72.7,No,No,No,No,Respiratory,8,27,3.4,60,Yes,Yes,3650,1510,3170,1380,2350,1390,67.3,Yes,3,Yes,Yes,0,2.2,Yes,3
FLU-067,ICU B,2023-03-30,55,Male,74.1,No,No,Yes,Yes,Respiratory,6,12,1.6,81,No,Yes,1420,1660,1430,1580,2800,2840,-5.8,No,0,No,No,22,6,No,28
FLU-068,ICU D,2023-04-04,65,Male,57.2,No,No,No,Yes,Respiratory,7,,3.4,66,No,Yes,2960,1980,2320,1660,2200,1870,34.4,Yes,1,Yes,No,0,6.5,Yes,7
FLU-069,ICU D,2023-04-04,35,Male,82.1,No,No,No,No,Abdominal,5,4,1.8,86,No,No,1990,1990,1770,1780,2600,2600,-0.1,No,0,No,No,28,4.7,No,28
FLU-070,ICU C,2023-04-04,77,Male,75,Yes,No,No,No,Other,6,16,3.7,87,No,No,4120,4340,1130,1260,1420,1510,-5.9,No,0,No,No,28,6.8,No,28
FLU-071,ICU A,2023-04-06,57,Male,64.1,Yes,No,No,No,Respiratory,8,20,1.1,85,No,No,1730,1760,2270,2290,2310,2320,-0.9,No,1,Yes,No,28,6.7,No,28
FLU-072,ICU B,2023-04-07,80,Male,70.1,No,No,No,No,Skin/soft tissue,5,17,4.5,78,No,No,1120,700,2230,1950,1830,1610,13.1,Yes,3,Yes,No,0,1,Yes,1
FLU-073,ICU C,2023-04-13,58,Male,68.5,Yes,No,No,No,Skin/soft tissue,5,11,2.4,90,No,No,840,1040,2800,2900,3710,3760,-5.1,No,0,No,No,28,4,No,28
FLU-074,ICU B,2023-04-16,46,Male,65.1,No,No,No,No,Other,4,14,0.9,78,No,No,5450,3390,3330,2180,2490,2030,56.4,Yes,0,No,No,28,7.5,No,28
FLU-075,ICU A,2023-04-17,55,Male,72.4,No,Yes,No,No,Other,8,25,2.9,75,Yes,Yes,1420,1230,2560,2490,2810,2740,4.6,Yes,3,Yes,Yes,0,0.5,Yes,1
FLU-076,ICU C,2023-04-18,86,Male,66.2,No,No,No,Yes,Respiratory,6,21,3.6,69,Yes,No,1490,1800,1080,1280,3150,3190,-8.3,No,0,No,No,0,12.8,Yes,13
FLU-077,ICU A,2023-04-22,77,Male,86.8,No,No,Yes,Yes,Respiratory,11,29,5.2,57,Yes,Yes,1510,1600,1130,1160,3340,3380,-1.8,No,2,Yes,No,26,10.7,No,28
FLU-078,ICU C,2023-04-27,55,Male,53.6,No,No,No,Yes,Respiratory,3,3,,80,No,Yes,2570,3560,1830,2440,2500,2790,-35.3,No,0,No,No,25,3.7,No,28
FLU-079,ICU A,2023-04-29,69,Male,77.4,No,No,Yes,Yes,Other,4,12,1.3,72,No,No,520,1810,890,2100,700,2250,-52.3,No,0,No,No,28,2.7,No,28
FLU-080,ICU B,2023-04-29,44,Male,76.6,No,No,No,No,Skin/soft tissue,4,7,1.1,71,No,No,3890,1990,2100,1140,2700,1970,46.9,Yes,1,Yes,No,28,11.3,No,28
FLU-081,ICU A,2023-04-29,51,Female,51.3,No,No,Yes,No,Urinary,6,12,,78,No,No,1450,2060,2370,2680,2340,2560,-22.2,No,0,No,No,28,3.6,No,28
FLU-082,ICU C,2023-04-30,57,Male,85.2,No,No,No,No,Urinary,4,16,1.9,70,No,No,1960,1780,1540,1480,2690,2560,4.3,Yes,0,No,No,28,10.7,No,28
FLU-083,ICU A,2023-05-02,50,Male,75.7,No,No,No,Yes,Respiratory,10,25,2,65,Yes,No,3740,1700,4390,2290,1910,1200,64.1,Yes,1,Yes,No,28,16.1,No,28
FLU-084,ICU A,2023-05-02,56,Female,60.8,No,No,No,No,Abdominal,8,21,3.2,77,No,Yes,1490,1450,1990,1980,2130,2110,1.2,Yes,1,Yes,No,0,0.5,Yes,1
FLU-085,ICU A,2023-05-03,58,Male,58.3,No,Yes,No,No,Urinary,4,21,1.1,77,No,No,2050,2370,2190,2740,2590,2660,-16.1,No,0,No,No,28,7.9,No,28
FLU-086,ICU A,2023-05-05,66,Female,71.9,No,No,No,No,Respiratory,1,13,1.1,65,Yes,No,1300,1820,4260,4330,2870,3030,-10.4,No,0,No,No,28,5.3,No,28
FLU-087,ICU D,2023-05-05,24,Female,38,No,No,No,No,Respiratory,7,21,4.1,66,Yes,Yes,2680,2530,1980,1880,2110,2060,7.9,Yes,0,No,No,22,12.4,No,28
FLU-088,ICU C,2023-05-06,58,Male,62.1,No,No,No,Yes,Urinary,4,13,1.2,90,No,No,2640,2710,980,1010,7420,7430,-1.8,No,0,No,No,28,4.8,No,28
FLU-089,ICU B,2023-05-06,75,Female,67.6,No,No,No,Yes,Respiratory,7,18,1.4,64,No,No,2160,1690,1270,1200,3630,3600,8.4,Yes,3,Yes,No,0,1.7,Yes,2
FLU-090,ICU C,2023-05-07,54,Male,59,Yes,No,No,No,Respiratory,6,20,5.5,,Yes,Yes,2370,1880,1590,1270,1500,1150,19.7,Yes,0,No,No,0,7.3,Yes,8
FLU-091,ICU D,2023-05-11,60,Female,75,No,No,No,No,Other,4,7,,97,No,No,580,2050,1310,1880,4500,5490,-40.4,No,0,No,No,28,2.3,No,28
FLU-092,ICU A,2023-05-12,51,Female,53.9,Yes,Yes,No,No,Skin/soft tissue,3,13,,76,No,Yes,3010,3150,2290,2390,2380,2420,-5.2,No,0,No,No,0,2.6,Yes,3
FLU-093,ICU C,2023-05-13,56,Female,65,No,No,No,Yes,Respiratory,5,16,4.4,74,No,Yes,1080,1540,2200,2550,780,1040,-16.5,No,0,No,No,20,6.1,No,28
FLU-094,ICU A,2023-05-14,22,Male,78.9,No,No,No,No,Respiratory,11,20,4.6,65,Yes,Yes,2270,1070,1830,1220,1690,1150,29.8,Yes,3,Yes,Yes,7,25.3,No,28
FLU-095,ICU B,2023-05-15,66,Male,60.8,Yes,No,Yes,Yes,Abdominal,7,22,2.7,56,No,No,860,1920,1040,1960,3410,3960,-41.6,No,0,No,No,28,3.7,No,28
FLU-096,ICU A,2023-05-16,68,Male,56.9,Yes,No,No,No,Respiratory,10,24,3.4,75,No,Yes,2830,2540,1750,1580,1520,1460,9.1,Yes,0,No,No,25,17.2,No,28
FLU-097,ICU C,2023-05-17,51,Male,67.3,No,No,No,No,Urinary,10,17,3.1,62,Yes,Yes,1790,1230,1370,1110,3320,3000,16.9,Yes,3,Yes,Yes,5,4.4,No,28
FLU-098,ICU B,2023-05-17,64,Male,80.7,Yes,No,Yes,No,Urinary,7,13,2.3,72,No,No,2050,2230,1530,1580,1560,1730,-5,No,1,Yes,No,28,5.3,No,28
FLU-099,ICU A,2023-05-19,54,Female,68.7,No,Yes,Yes,No,Abdominal,5,17,1.3,65,Yes,No,2370,1720,1710,1300,1880,1670,18.5,Yes,3,Yes,Yes,0,26.2,Yes,27
FLU-100,ICU C,2023-05-19,73,Female,54.3,Yes,No,No,Yes,Respiratory,2,15,1.4,73,Yes,Yes,860,1730,3570,3760,4580,4770,-23,No,0,No,No,25,4,No,28
FLU-101,ICU C,2023-05-19,54,Female,59.8,No,No,No,No,Respiratory,5,13,3.2,76,Yes,No,3110,2610,1560,1260,2250,2110,15.7,Yes,0,No,No,28,4.4,No,28
FLU-102,ICU B,2023-05-20,58,Male,61.6,No,No,No,No,Other,4,17,2.8,70,No,No,2150,1490,2850,2470,2930,2750,19.8,Yes,0,No,No,28,7.7,No,28
FLU-103,ICU B,2023-05-20,59,Male,55.8,No,No,No,No,Respiratory,6,12,1.3,75,No,No,1310,1590,2200,2430,1320,1580,-13.8,No,0,No,No,28,3.9,No,28
FLU-104,ICU D,2023-05-21,59,Male,76,No,No,No,No,Urinary,10,16,2.2,65,No,Yes,2490,1490,1950,1560,1770,1290,24.6,Yes,3,Yes,No,23,2.3,No,28
FLU-105,ICU A,2023-05-23,56,Female,54.6,No,No,No,Yes,Respiratory,9,10,3.4,76,Yes,Yes,2540,1400,2570,2060,1700,1570,32.6,Yes,0,No,No,14,8.7,No,28
FLU-106,ICU B,2023-05-23,71,Male,82.2,No,No,No,No,Respiratory,7,20,2.4,60,Yes,Yes,1770,1790,1640,1650,2240,2250,-0.5,No,1,Yes,No,0,0.6,Yes,1
FLU-107,ICU D,2023-05-23,88,Male,64.8,No,No,Yes,No,Respiratory,9,28,,65,No,Yes,720,950,1330,1450,1130,1580,-12.3,No,3,Yes,Yes,0,4.7,Yes,5
FLU-108,ICU A,2023-05-24,50,Male,61.3,No,No,No,No,Urinary,10,24,5.6,76,Yes,Yes,2100,1370,5320,4520,1800,1500,29.9,Yes,0,No,No,6,7.8,No,28
FLU-109,ICU B,2023-05-26,50,Male,44.2,No,No,No,Yes,Respiratory,6,21,1.8,65,No,Yes,1160,940,2850,2730,1740,1600,10.9,Yes,0,No,No,22,3.9,No,28
FLU-110,ICU B,2023-05-26,50,Female,64.8,Yes,No,Yes,Yes,Respiratory,4,14,2.1,78,Yes,Yes,2190,1990,2860,2700,2870,2790,6.8,Yes,0,No,No,27,9.3,No,28
FLU-111,ICU D,2023-05-26,55,Male,57.4,No,No,No,Yes,Respiratory,8,21,1.6,55,No,Yes,3570,2680,2410,1650,2170,1760,35.9,Yes,0,No,No,0,6.5,Yes,7
FLU-112,ICU B,2023-05-27,83,Female,50.1,Yes,No,No,No,Abdominal,9,25,2.4,73,Yes,Yes,2370,1560,1740,1280,2560,1740,41.7,Yes,1,Yes,No,22,8.1,No,28
FLU-113,ICU B,2023-05-27,86,Female,59.4,No,Yes,No,No,Urinary,6,22,1.6,85,No,Yes,2200,2060,1890,1760,3150,3110,5.2,Yes,0,No,No,22,6.1,No,28
FLU-114,ICU A,2023-05-27,52,Female,62.1,Yes,No,No,Yes,Skin/soft tissue,6,22,3.4,76,No,Yes,1630,1070,3220,2480,5040,4280,33.2,Yes,0,No,No,25,17,No,28
FLU-115,ICU D,2023-05-29,34,Male,85.2,No,No,No,No,Respiratory,5,6,,73,No,No,2470,1050,3000,2400,2830,2490,27.7,Yes,0,No,No,28,6.3,No,28
FLU-116,ICU B,2023-05-31,54,Male,77.8,No,No,No,No,Respiratory,8,17,1.5,73,Yes,No,1820,960,1660,1250,3500,2880,24.3,Yes,0,No,No,0,20.8,Yes,21
FLU-117,ICU D,2023-06-01,73,Male,70.2,No,No,No,Yes,Abdominal,2,5,,76,No,No,4070,4140,3200,3250,1950,1980,-2.1,No,0,No,No,28,3.3,No,28
FLU-118,ICU A,2023-06-02,59,Male,63.8,No,No,No,Yes,Urinary,9,16,3.6,82,No,Yes,1160,980,1420,1170,4730,4460,11,Yes,0,No,No,25,5.2,No,28
FLU-119,ICU B,2023-06-02,58,Female,46.9,Yes,No,No,Yes,Abdominal,9,20,2.3,81,No,No,1380,1330,1760,1730,1330,1300,2.3,Yes,0,No,No,28,9.2,No,28
FLU-120,ICU A,2023-06-02,77,Female,67.6,Yes,No,No,No,Skin/soft tissue,11,28,5.6,74,No,Yes,2080,1230,1940,1480,2070,1880,22.2,Yes,3,Yes,Yes,0,1.3,Yes,2
FLU-121,ICU B,2023-06-05,94,Male,57,Yes,No,Yes,Yes,Urinary,8,22,2.8,76,No,No,1830,1290,1690,1520,1810,1620,15.8,Yes,1,Yes,No,28,4.3,No,28
FLU-122,ICU A,2023-06-05,65,Male,77,No,No,No,Yes,Respiratory,9,13,3.8,76,Yes,No,3400,1870,2500,1690,4090,2260,54.2,Yes,3,Yes,No,0,3.6,Yes,4
FLU-123,ICU A,2023-06-06,79,Male,51.7,Yes,No,No,Yes,Skin/soft tissue,5,21,2.4,78,Yes,Yes,3100,1950,3080,2340,2230,2020,40.6,Yes,0,No,No,0,0.5,Yes,1
FLU-124,ICU C,2023-06-08,66,Female,73.2,No,No,No,No,Skin/soft tissue,5,20,1.9,87,No,Yes,3170,1870,3670,2810,2620,2030,37.6,Yes,0,No,No,24,7.6,No,28
FLU-125,ICU D,2023-06-09,77,Male,74.1,No,No,No,No,Respiratory,3,18,2.2,67,No,Yes,4260,2210,3180,2310,1850,1640,42.2,Yes,1,Yes,No,25,5,No,28
FLU-126,ICU C,2023-06-11,69,Female,55.1,No,No,No,Yes,Respiratory,5,14,1.2,83,No,No,1190,1250,990,1030,5090,5100,-2,No,0,No,No,28,6,No,28
FLU-127,ICU C,2023-06-14,78,Female,44.2,No,No,No,Yes,Abdominal,12,35,4.8,67,Yes,Yes,1380,800,1690,1300,2600,2150,32.1,Yes,2,Yes,No,0,6.3,Yes,7
FLU-128,ICU B,2023-06-14,71,Male,60.5,Yes,No,Yes,No,Urinary,6,19,1.8,66,Yes,No,2570,1800,2740,2270,3120,2840,25.1,Yes,0,No,No,0,23.7,Yes,24
FLU-129,ICU A,2023-06-14,45,Female,81.9,No,No,No,No,Respiratory,10,31,7.2,71,Yes,Yes,2150,690,1490,960,1850,1500,28.6,Yes,3,Yes,Yes,0,25.4,Yes,26
FLU-130,ICU A,2023-06-17,58,Male,71.1,No,No,No,No,Other,7,22,,71,No,Yes,830,1760,1850,2120,1120,1300,-19.4,No,1,Yes,No,0,4.5,Yes,5
FLU-131,ICU C,2023-06-17,58,Female,52,No,No,No,Yes,Respiratory,8,18,,84,No,No,1470,1580,1770,1800,1400,1410,-2.9,No,0,No,No,28,12.7,No,28
FLU-132,ICU D,2023-06-18,75,Male,64.8,No,No,No,Yes,Urinary,5,14,,92,No,No,1930,2290,1700,1850,1890,2050,-10.3,No,0,No,No,28,5.2,No,28
FLU-133,ICU A,2023-06-20,70,Male,77.4,No,No,No,No,Abdominal,7,18,3.9,72,No,No,2670,1720,4000,3650,2850,2520,21.1,Yes,2,Yes,No,28,10.1,No,28
FLU-134,ICU B,2023-06-20,47,Female,40.3,No,No,No,Yes,Respiratory,10,20,3.4,58,Yes,No,1170,480,1900,1350,2270,1910,39.7,Yes,2,Yes,No,0,2.9,Yes,3
FLU-135,ICU C,2023-06-21,83,Female,53.3,No,Yes,No,Yes,Respiratory,6,6,1.6,72,No,Yes,1080,3000,1800,3060,3000,3580,-70.5,No,0,No,No,25,2.6,No,28
FLU-136,ICU A,2023-06-21,83,Female,59.3,No,No,Yes,Yes,Urinary,3,3,0.7,84,No,No,760,1470,1150,2020,1420,2170,-39.3,No,0,No,No,28,5.3,No,28
FLU-137,ICU B,2023-06-22,80,Female,46.5,No,No,No,No,Respiratory,10,20,3.9,70,Yes,Yes,1640,1160,1400,1200,1400,1270,17.4,Yes,2,Yes,No,0,9,Yes,9
FLU-138,ICU A,2023-06-22,45,Male,52.4,No,No,No,No,Respiratory,8,15,2.8,78,No,Yes,1700,1520,940,830,2020,1970,6.5,Yes,1,Yes,No,0,6,Yes,6
FLU-139,ICU D,2023-06-25,68,Male,63.6,No,No,Yes,Yes,Respiratory,7,21,5.7,74,No,Yes,1070,1260,1130,1280,1590,1630,-6,No,1,Yes,No,25,10.1,No,28
FLU-140,ICU A,2023-06-27,49,Male,54.7,Yes,No,No,No,Skin/soft tissue,6,20,1.4,91,No,No,1940,1830,2560,2500,1910,1850,4.2,Yes,0,No,No,0,11.3,Yes,12
FLU-141,ICU A,2023-06-27,62,Female,70.6,Yes,No,No,Yes,Abdominal,4,10,1.2,82,No,No,4680,3660,2240,1630,3060,2820,26.5,Yes,0,No,No,28,3.8,No,28
FLU-142,ICU B,2023-06-28,71,Female,49,No,No,No,Yes,Skin/soft tissue,6,19,0.8,80,No,Yes,1420,1120,3260,3150,2140,1950,12.2,Yes,2,Yes,No,14,7.7,No,28
FLU-143,ICU C,2023-06-29,45,Male,60.9,No,No,No,No,Abdominal,5,24,1.2,70,No,Yes,700,1130,1590,1770,1860,1920,-11,No,2,Yes,No,0,2,Yes,2
FLU-144,ICU D,2023-07-02,59,Female,65.2,No,No,No,No,Respiratory,8,16,,66,No,Yes,3000,1470,2030,860,2900,2790,43.1,Yes,2,Yes,No,20,17.4,No,28
FLU-145,ICU A,2023-07-02,66,Female,71,No,No,No,Yes,Respiratory,7,22,4.4,76,No,Yes,1320,600,3530,3310,2120,1810,17.6,Yes,0,No,No,0,0.5,Yes,1
FLU-146,ICU C,2023-07-03,55,Male,84.7,Yes,No,Yes,Yes,Abdominal,6,8,,83,No,No,1360,2050,2600,2740,3490,4000,-15.8,No,1,Yes,No,28,4.3,No,28
FLU-147,ICU C,2023-07-04,94,Female,57.4,Yes,No,No,Yes,Respiratory,4,21,1.5,94,No,No,860,1620,1980,2740,1920,2610,-38.5,No,0,No,No,28,1.5,No,28
FLU-148,ICU D,2023-07-04,41,Male,60.1,Yes,No,No,No,Skin/soft tissue,3,9,,87,No,Yes,2070,1400,2880,2640,3170,2770,21.8,Yes,0,No,No,26,7.5,No,28
FLU-149,ICU B,2023-07-05,47,Female,43.9,No,No,No,No,Respiratory,10,27,1.9,67,Yes,Yes,1870,1140,2270,1860,1980,1560,35.5,Yes,3,Yes,Yes,18,6.6,No,28
FLU-150,ICU B,2023-07-05,71,Female,72.7,No,No,Yes,Yes,Respiratory,6,21,2.3,74,Yes,Yes,2770,1670,2110,1230,2410,1900,34.3,Yes,2,Yes,No,26,5.5,No,28
FLU-151,ICU B,2023-07-06,46,Female,60.4,No,No,No,No,Respiratory,7,19,1.7,70,No,No,3410,1290,2260,1470,2960,2830,50.3,Yes,0,No,No,28,15.6,No,28
FLU-152,ICU D,2023-07-07,62,Male,61.5,No,No,No,Yes,Urinary,10,17,3.5,61,No,Yes,1980,1350,2210,1540,2860,2430,28.1,Yes,3,Yes,Yes,17,6,No,28
FLU-153,ICU B,2023-07-09,53,Male,53.2,No,No,No,No,Abdominal,11,20,4.5,71,Yes,No,1600,1070,1840,1440,3820,3560,22.4,Yes,2,Yes,No,28,8,No,28
FLU-154,ICU A,2023-07-09,78,Male,62,No,No,No,Yes,Respiratory,7,27,3.8,70,Yes,Yes,2310,1500,2420,2040,2260,1920,24.7,Yes,1,Yes,No,20,6.6,No,28
FLU-155,ICU B,2023-07-10,55,Male,61.9,No,No,No,No,Respiratory,10,16,1.4,76,No,Yes,4690,4090,2490,2360,1820,1590,15.5,Yes,2,Yes,No,25,9.7,No,28
FLU-156,ICU C,2023-07-11,56,Female,77.8,No,No,No,Yes,Abdominal,12,27,5.3,70,Yes,No,2440,1300,1460,1020,1430,1160,23.8,Yes,0,No,No,0,3,Yes,3
FLU-157,ICU A,2023-07-14,60,Female,58.9,Yes,No,No,No,Abdominal,9,20,5.3,67,Yes,No,1890,1560,1200,850,1690,1590,13.2,Yes,1,Yes,No,28,11.9,No,28
FLU-158,ICU B,2023-07-15,52,Male,89.1,No,No,No,Yes,Respiratory,10,15,4,80,Yes,Yes,2970,1490,2590,1560,1660,1430,30.8,Yes,0,No,No,24,7.3,No,28
FLU-159,ICU A,2023-07-15,78,Male,71.9,No,No,No,Yes,Skin/soft tissue,6,17,,80,No,No,1130,1660,2730,3110,1620,1750,-14.5,No,2,Yes,Yes,28,7,No,28
FLU-160,ICU A,2023-07-16,56,Female,61,Yes,Yes,No,Yes,Urinary,9,24,4.6,83,Yes,No,2730,1800,3620,2650,3540,2490,48.4,Yes,3,Yes,Yes,0,3.9,Yes,4
FLU-161,ICU A,2023-07-17,46,Male,63.6,No,No,Yes,No,Urinary,8,19,5.9,65,Yes,No,2030,1220,1770,1460,1230,1050,20.4,Yes,3,Yes,Yes,28,15,No,28
FLU-162,ICU B,2023-07-19,53,Male,46.6,No,No,Yes,No,Respiratory,5,15,1.9,90,No,No,1310,1250,1720,1540,2320,2280,6,Yes,0,No,No,28,1.2,No,28
FLU-163,ICU D,2023-07-20,58,Male,80.8,No,No,No,No,Urinary,6,15,2.2,87,No,No,2280,1190,5600,5460,1840,1640,17.7,Yes,2,Yes,No,28,8.4,No,28
FLU-164,ICU A,2023-07-21,62,Female,82.9,No,No,No,Yes,Abdominal,7,17,3.8,,No,No,630,1170,2470,2840,2000,2460,-16.5,No,0,No,No,28,13.4,No,28
FLU-165,ICU D,2023-07-22,51,Male,63.2,Yes,No,No,No,Urinary,8,22,,90,No,No,1420,1490,1980,2010,3270,3290,-1.9,No,0,No,No,0,0.8,Yes,1
FLU-166,ICU B,2023-07-24,60,Male,54.7,No,No,No,Yes,Respiratory,9,30,3.4,62,Yes,Yes,1240,1640,600,770,1200,1350,-13.2,No,0,No,No,0,9.3,Yes,10
FLU-167,ICU A,2023-07-25,80,Male,69,No,No,Yes,Yes,Respiratory,7,17,3.5,68,No,No,680,1260,2150,2570,940,1270,-19.3,No,0,No,No,28,13.4,No,28
FLU-168,ICU A,2023-07-26,71,Male,66.7,No,Yes,No,Yes,Abdominal,8,25,,71,Yes,Yes,2040,910,1820,1480,2040,1820,25.3,Yes,2,Yes,No,0,3.4,Yes,4
FLU-169,ICU A,2023-07-27,80,Male,64.9,Yes,No,Yes,No,Respiratory,2,18,1.1,66,No,Yes,3190,2790,2060,1920,2320,2200,10.2,Yes,1,Yes,No,0,1.3,Yes,2
FLU-170,ICU A,2023-07-27,70,Female,45.6,No,Yes,No,Yes,Other,10,25,2.6,62,Yes,Yes,1500,1080,3090,2750,2410,2260,20,Yes,2,Yes,No,20,10.9,No,28
FLU-171,ICU D,2023-07-28,50,Male,66.5,Yes,No,No,Yes,Skin/soft tissue,10,30,6.4,68,Yes,Yes,3640,1660,2940,1390,2010,1550,60,Yes,3,Yes,Yes,0,9.7,Yes,10
FLU-172,ICU D,2023-07-29,76,Female,66.4,No,No,No,No,Abdominal,4,13,1.2,87,No,No,2850,2130,2270,1960,2440,2290,17.8,Yes,0,No,No,28,3.6,No,28
FLU-173,ICU D,2023-07-29,46,Male,57.7,Yes,No,No,No,Other,8,15,2.4,85,No,No,2560,1880,3390,3030,2730,2550,21.1,Yes,0,No,No,28,2.1,No,28
FLU-174,ICU A,2023-08-01,79,Male,79.7,Yes,No,No,No,Urinary,7,24,3.4,61,No,Yes,1550,1520,2260,2240,1540,1530,0.8,Yes,0,No,No,0,4.8,Yes,5
FLU-175,ICU B,2023-08-03,36,Female,39.1,No,No,No,No,Urinary,6,12,,84,Yes,Yes,3450,2750,4060,3330,3700,3300,46.8,Yes,0,No,No,23,2.6,No,28
FLU-176,ICU B,2023-08-04,65,Male,66.1,No,No,No,No,Respiratory,3,11,1,83,No,No,2330,2590,2160,2260,2950,3030,-6.7,No,0,No,No,28,1.7,No,28
FLU-177,ICU C,2023-08-05,79,Male,52.9,No,No,No,No,Respiratory,5,24,2.9,74,No,Yes,1700,1370,3420,3320,3640,3560,9.6,Yes,0,No,No,24,4,No,28
FLU-178,ICU D,2023-08-10,53,Female,45.9,No,No,Yes,No,Abdominal,9,16,2.3,78,No,No,1620,2230,1250,1540,1470,1640,-23.3,No,0,No,No,28,5.1,No,28
FLU-179,ICU C,2023-08-10,42,Male,82.5,No,No,No,No,Urinary,3,4,1.1,91,No,No,2070,2440,2800,3050,2180,2310,-9.1,No,0,No,No,28,4.5,No,28
FLU-180,ICU D,2023-08-11,82,Female,72.4,No,No,No,Yes,Respiratory,7,19,2.6,61,No,Yes,550,1010,1100,1350,3120,3320,-12.6,No,1,Yes,No,23,12.8,No,28
FLU-181,ICU A,2023-08-12,58,Male,94.2,No,No,No,No,Urinary,9,24,1.9,74,Yes,Yes,2020,2200,1370,1480,1130,1230,-4.1,No,3,Yes,No,0,13.2,Yes,14
FLU-182,ICU B,2023-08-12,63,Male,59.6,No,No,No,No,Abdominal,7,23,2.5,70,No,No,580,980,1240,1410,1300,1580,-14.3,No,0,No,No,28,6.3,No,28
FLU-183,ICU C,2023-08-13,43,Female,72.7,No,No,No,No,Urinary,6,13,1.5,85,No,No,1790,2000,2740,2800,3240,3280,-4.3,No,1,Yes,No,28,3.5,No,28
FLU-184,ICU A,2023-08-13,94,Female,41.7,No,Yes,Yes,Yes,Urinary,8,30,3,66,Yes,Yes,1990,1680,1440,1130,1660,1490,18.9,Yes,2,Yes,No,0,7.7,Yes,8
FLU-185,ICU A,2023-08-14,62,Female,66.9,No,Yes,No,No,Urinary,4,,1.4,80,Yes,Yes,1700,1840,1530,1600,2310,2490,-5.8,No,0,No,No,25,12.3,No,28
FLU-186,ICU A,2023-08-16,60,Male,53,Yes,No,Yes,Yes,Abdominal,5,9,1.2,77,No,No,1340,1590,1680,1890,1400,1550,-11.5,No,0,No,No,28,3,No,28
FLU-187,ICU D,2023-08-18,63,Male,69.5,No,No,No,Yes,Skin/soft tissue,5,16,,72,No,No,520,940,3770,4420,1250,1350,-16.8,No,0,No,No,28,2.8,No,28
FLU-188,ICU A,2023-08-18,47,Female,73.1,No,Yes,No,No,Urinary,9,18,3.3,77,Yes,No,880,1310,1650,2020,2070,2130,-11.8,No,1,Yes,No,0,13.4,Yes,14
FLU-189,ICU B,2023-08-18,88,Male,62.2,No,No,No,Yes,Abdominal,9,13,2.9,67,Yes,No,1700,1370,1820,1670,1940,1830,9.5,Yes,2,Yes,No,28,5.1,No,28
FLU-190,ICU A,2023-08-19,45,Male,76.8,Yes,No,No,No,Respiratory,4,15,2.9,74,No,No,1740,1000,3650,3220,1560,1320,18.4,Yes,1,Yes,No,28,6.3,No,28
FLU-191,ICU D,2023-08-22,63,Male,64.4,No,Yes,Yes,Yes,Abdominal,6,19,1.2,84,No,No,2430,1600,2750,2550,2200,1950,19.9,Yes,1,Yes,No,28,3.9,No,28
FLU-192,ICU A,2023-08-24,87,Female,42.1,No,No,Yes,Yes,Abdominal,10,33,5.4,73,Yes,Yes,1250,1540,1480,1680,2720,2930,-16.6,No,0,No,No,23,13.5,No,28
FLU-193,ICU D,2023-08-26,65,Male,69.4,No,No,No,Yes,Respiratory,5,21,4,69,Yes,Yes,3680,1700,2840,2160,2190,1610,46.7,Yes,1,Yes,No,0,0.5,Yes,1
FLU-194,ICU A,2023-08-30,74,Male,67.4,No,No,No,Yes,Respiratory,12,33,4.3,73,Yes,Yes,3060,2380,1290,870,2160,1830,21.2,Yes,2,Yes,No,0,16,Yes,16
FLU-195,ICU C,2023-08-31,83,Female,43.4,Yes,No,No,No,Abdominal,5,22,,92,No,Yes,3730,4200,1860,1990,4430,4550,-16.6,No,0,No,No,24,2.4,No,28
FLU-196,ICU C,2023-08-31,71,Female,64,No,No,No,No,Respiratory,6,18,3.7,78,No,Yes,2060,2950,1470,1970,2410,2680,-25.9,No,0,No,No,0,3.5,Yes,4
FLU-197,ICU A,2023-09-02,70,Male,63.9,No,No,Yes,Yes,Respiratory,2,13,1.7,90,No,No,1940,2720,1230,1550,1440,1760,-22.2,No,0,No,No,28,2.3,No,28
FLU-198,ICU C,2023-09-05,81,Male,43.9,No,No,Yes,Yes,Abdominal,8,20,1.3,87,No,No,1310,1460,1680,1740,3370,3410,-5.7,No,1,Yes,No,28,6.6,No,28
FLU-199,ICU B,2023-09-06,52,Female,54.5,No,No,No,Yes,Skin/soft tissue,6,11,,80,No,No,700,1100,580,1030,1620,1980,-22.2,No,0,No,No,28,3.6,No,28
FLU-200,ICU B,2023-09-07,58,Male,64.7,Yes,No,No,No,Respiratory,10,25,4.7,64,Yes,Yes,2750,750,2390,1110,1900,1140,62.4,Yes,3,Yes,No,6,27.9,No,28
FLU-201,ICU C,2023-09-07,51,Male,44.1,No,No,No,No,Urinary,5,18,4.1,70,Yes,Yes,2660,3240,680,760,1950,2090,-18.1,No,0,No,No,19,41.9,No,28
FLU-202,ICU C,2023-09-08,94,Male,38,No,Yes,No,Yes,Abdominal,11,31,7.1,68,No,Yes,1270,1080,760,660,1230,1180,8.9,Yes,1,Yes,No,0,8.5,Yes,9
FLU-203,ICU C,2023-09-09,71,Male,77.7,Yes,No,No,Yes,Respiratory,5,15,,98,No,No,1390,1970,2140,2780,4980,5220,-18.8,No,0,No,No,28,3.6,No,28
FLU-204,ICU D,2023-09-09,58,Male,76.3,No,Yes,No,Yes,Skin/soft tissue,9,35,7,66,Yes,No,3380,760,1990,910,2220,1730,54.9,Yes,3,Yes,No,0,3.5,Yes,4
FLU-205,ICU A,2023-09-09,42,Male,55.5,No,No,No,No,Skin/soft tissue,6,11,3.3,63,No,No,1720,1310,2210,2060,2880,2580,15.5,Yes,0,No,No,28,7.4,No,28
FLU-206,ICU A,2023-09-10,48,Female,58.3,No,No,No,No,Respiratory,11,17,2.2,75,Yes,No,2600,1680,2530,2060,1260,1120,26.2,Yes,1,Yes,No,0,3.8,Yes,4
FLU-207,ICU A,2023-09-14,56,Male,70.3,No,No,No,Yes,Abdominal,9,26,1.8,47,Yes,Yes,3290,2500,1980,1660,3360,2970,21.3,Yes,0,No,No,18,19.6,No,28
FLU-208,ICU B,2023-09-14,70,Male,70.3,Yes,No,No,Yes,Respiratory,6,22,,76,No,Yes,4240,3630,1500,1350,2820,2560,14.5,Yes,1,Yes,No,26,6.4,No,28
FLU-209,ICU B,2023-09-19,58,Male,72.9,No,No,No,No,Respiratory,10,16,2.2,90,Yes,No,1670,1490,2450,2310,2030,1910,6,Yes,0,No,No,28,5.6,No,28
FLU-210,ICU D,2023-09-20,57,Male,58.7,No,No,Yes,No,Abdominal,8,20,1.4,75,Yes,No,1200,1210,1250,1250,4980,4990,-0.3,No,1,Yes,No,0,0.5,Yes,1
FLU-211,ICU A,2023-09-20,65,Male,47.8,No,No,No,No,Urinary,5,17,4.3,86,Yes,No,2260,2170,2030,1950,1960,1890,5,Yes,1,Yes,No,28,5.2,No,28
FLU-212,ICU D,2023-09-21,94,Female,63.8,No,No,No,Yes,Respiratory,8,28,3.8,70,No,No,2380,1370,2010,1360,2800,2160,36.1,Yes,0,No,No,28,5.7,No,28
FLU-213,ICU B,2023-09-22,55,Male,71.3,No,No,No,No,Skin/soft tissue,7,11,1.2,83,No,No,1500,1980,1380,1570,1490,1570,-10.5,No,0,No,No,28,6.3,No,28
FLU-214,ICU C,2023-09-23,56,Female,72.1,No,No,No,No,Respiratory,5,16,2.7,79,No,No,860,950,2290,2360,2970,3000,-2.6,No,0,No,No,28,3.7,No,28
FLU-215,ICU A,2023-09-24,84,Male,80.5,No,Yes,Yes,No,Other,7,23,3.8,60,Yes,Yes,1140,1710,2740,2920,1510,1710,-11.8,No,0,No,No,0,13.4,Yes,14
FLU-216,ICU A,2023-09-26,74,Female,53.8,Yes,No,No,No,Respiratory,13,23,3.8,75,Yes,Yes,2100,2230,3340,3400,920,980,-4.6,No,0,No,No,0,0.5,Yes,1
FLU-217,ICU C,2023-09-26,93,Male,77.2,No,No,No,Yes,Abdominal,8,27,1.7,83,Yes,Yes,2300,1230,4240,3390,2040,1540,31.3,Yes,0,No,No,0,1.9,Yes,2
FLU-218,ICU C,2023-09-26,42,Female,71,No,No,No,Yes,Respiratory,5,13,1.4,74,No,Yes,1880,2270,880,1080,710,980,-12.1,No,0,No,No,24,4.6,No,28
FLU-219,ICU D,2023-09-27,81,Male,75,No,No,Yes,Yes,Respiratory,4,16,,88,Yes,Yes,3480,1760,3350,1980,3060,2140,53.5,Yes,0,No,No,0,1.5,Yes,2
FLU-220,ICU B,2023-09-27,33,Female,52.8,No,No,No,No,Urinary,2,13,1.6,85,No,No,3070,2450,2440,2210,7280,7010,21.2,Yes,1,Yes,No,28,7.6,No,28
FLU-221,ICU B,2023-09-27,78,Female,57.9,No,No,No,No,Abdominal,8,23,3.5,64,No,No,950,1090,1980,2080,1750,1840,-5.7,No,0,No,No,28,3,No,28
FLU-222,ICU B,2023-09-29,43,Female,81.5,No,No,No,Yes,Urinary,10,16,7.9,71,No,Yes,1850,1320,3220,2930,1560,1470,11.2,Yes,3,Yes,No,19,2.5,No,28
FLU-223,ICU B,2023-10-02,53,Male,55.2,No,No,No,No,Urinary,3,13,,91,No,No,870,1010,2050,2520,1490,1760,-15.9,No,1,Yes,No,28,2.3,No,28
FLU-224,ICU B,2023-10-04,64,Male,80.2,No,No,No,No,Abdominal,6,25,2.2,69,Yes,No,2060,1100,3570,2990,3710,2940,28.8,Yes,3,Yes,Yes,28,7.7,No,28
FLU-225,ICU B,2023-10-05,58,Female,59.2,No,No,No,No,Respiratory,9,14,3.6,68,Yes,Yes,1470,1220,1830,1690,2990,2800,9.8,Yes,0,No,No,21,8,No,28
FLU-226,ICU A,2023-10-05,66,Female,42.3,No,No,No,No,Other,6,14,2.6,72,No,No,1970,2100,3030,3130,5320,5420,-7.8,No,0,No,No,28,2.5,No,28
FLU-227,ICU A,2023-10-06,70,Male,86.2,No,No,No,Yes,Respiratory,3,11,1.5,92,No,No,1810,2990,4680,5500,2340,2750,-28,No,0,No,No,28,2.8,No,28
FLU-228,ICU B,2023-10-06,78,Male,48.2,Yes,No,No,Yes,Urinary,11,30,8,63,No,Yes,1460,1490,1100,1110,1870,1880,-1,No,1,Yes,No,0,4.9,Yes,5
FLU-229,ICU C,2023-10-08,60,Female,51.1,No,No,No,No,Urinary,7,19,2.1,83,Yes,No,2740,2190,2850,2440,2490,2200,24.5,Yes,0,No,No,28,2.2,No,28
FLU-230,ICU A,2023-10-09,45,Female,60.6,Yes,No,No,No,Respiratory,11,21,2,58,Yes,Yes,2650,2260,1360,1200,1260,1090,11.9,Yes,1,Yes,No,20,11,No,28
FLU-231,ICU A,2023-10-12,80,Male,70.8,No,Yes,No,No,Urinary,10,32,2.6,53,Yes,Yes,1740,1090,2070,1830,1600,1040,20.5,Yes,3,Yes,Yes,0,7.5,Yes,8
FLU-232,ICU C,2023-10-13,75,Female,57.7,Yes,No,No,Yes,Respiratory,6,21,2,71,No,No,890,940,3420,4190,2580,3250,-25.8,No,1,Yes,No,28,2.3,No,28
FLU-233,ICU A,2023-10-13,66,Female,57.7,No,No,No,Yes,Respiratory,11,27,1.4,76,No,No,2100,1000,1390,1180,4160,3240,38.6,Yes,3,Yes,No,28,26.3,No,28
FLU-234,ICU A,2023-10-14,67,Female,68.9,Yes,No,No,No,Skin/soft tissue,11,22,2.4,70,No,Yes,1410,1540,1710,1760,1740,1750,-2.8,No,0,No,No,0,7,Yes,7
FLU-235,ICU A,2023-10-15,45,Female,48.1,No,No,No,No,Skin/soft tissue,5,9,,81,No,No,2410,3030,1580,2040,4330,4720,-30.6,No,0,No,No,28,2.3,No,28
FLU-236,ICU D,2023-10-16,65,Male,62.3,No,No,No,No,Abdominal,8,22,2.3,61,No,Yes,4400,2750,1760,1080,1760,1630,39.5,Yes,3,Yes,Yes,18,6.2,No,28
FLU-237,ICU A,2023-10-17,38,Female,61.8,No,No,No,No,Urinary,10,22,5.2,62,Yes,Yes,3510,2130,1890,1180,1370,970,40.3,Yes,2,Yes,Yes,0,9.2,Yes,10
FLU-238,ICU A,2023-10-18,69,Male,77.7,No,Yes,No,No,Urinary,5,17,2.4,67,No,Yes,4200,3280,3000,2540,2890,2380,24.3,Yes,3,Yes,No,23,7,No,28
FLU-239,ICU A,2023-10-18,90,Female,70.7,Yes,Yes,Yes,Yes,Abdominal,8,30,2.3,74,No,Yes,810,1260,2530,2760,1580,1690,-11.2,No,2,Yes,No,0,0.5,Yes,1
FLU-240,ICU A,2023-10-25,55,Male,81.7,No,No,No,Yes,Respiratory,9,13,3.3,58,Yes,Yes,1520,1470,1880,1850,1660,1640,1.2,Yes,2,Yes,No,17,6.1,No,28
FLU-241,ICU C,2023-10-28,66,Male,59.8,No,No,No,Yes,Abdominal,6,13,2.3,75,Yes,Yes,880,1420,1250,1390,1970,2070,-13,No,2,Yes,No,0,1.4,Yes,2
FLU-242,ICU D,2023-10-30,37,Male,83.5,No,No,No,No,Urinary,4,10,1.5,84,No,No,860,2080,1520,1880,1710,1910,-21.3,No,0,No,No,28,4.6,No,28
FLU-243,ICU B,2023-10-31,56,Female,46.9,No,No,No,No,Other,9,26,2.5,65,Yes,No,2990,1880,1800,1410,2100,1700,40.5,Yes,3,Yes,No,0,4.4,Yes,5
FLU-244,ICU A,2023-10-31,61,Male,58.5,No,No,No,No,Respiratory,9,23,3.2,66,Yes,Yes,4080,3270,1240,890,3350,2710,30.8,Yes,0,No,No,4,11.5,No,28
FLU-245,ICU A,2023-11-02,83,Female,62.5,No,Yes,No,Yes,Skin/soft tissue,9,30,5.4,72,No,Yes,650,1450,800,1650,1450,1770,-31.5,No,0,No,No,0,2.3,Yes,3
FLU-246,ICU C,2023-11-05,54,Male,71.6,No,No,No,Yes,Skin/soft tissue,9,24,4.4,54,Yes,Yes,2980,930,3870,2880,1040,510,49.9,Yes,3,Yes,Yes,0,0.6,Yes,1
FLU-247,ICU A,2023-11-07,61,Male,74.9,No,No,No,No,Abdominal,5,18,0.7,96,No,No,2010,1070,1840,1380,3520,3440,19.8,Yes,3,Yes,Yes,28,7.9,No,28
FLU-248,ICU D,2023-11-07,71,Male,44.3,Yes,No,No,No,Abdominal,10,27,1.6,65,Yes,No,1970,1480,1800,1320,1500,1410,23.9,Yes,3,Yes,No,28,13.6,No,28
FLU-249,ICU A,2023-11-07,62,Male,74.4,No,No,No,No,Urinary,4,17,2,72,Yes,Yes,2770,1150,3330,2520,2910,2390,39.7,Yes,2,Yes,No,20,6.3,No,28
FLU-250,ICU A,2023-11-08,43,Male,80.9,No,No,No,No,Respiratory,13,31,6.2,59,Yes,Yes,3680,1260,1930,1330,2490,1500,49.6,Yes,3,Yes,Yes,0,8.9,Yes,9
FLU-251,ICU D,2023-11-08,78,Female,50,No,No,No,No,Urinary,1,9,,80,No,No,1960,2410,3100,3270,4980,5170,-16.2,No,0,No,No,28,2.6,No,28
FLU-252,ICU D,2023-11-08,55,Female,64.7,No,No,No,No,Abdominal,8,18,2.2,66,Yes,No,2150,1760,2060,1690,2980,2740,15.5,Yes,3,Yes,Yes,0,0.5,Yes,1
FLU-253,ICU C,2023-11-14,68,Female,50.9,No,No,No,Yes,Urinary,10,22,1.6,72,Yes,Yes,2190,1130,1710,1530,2700,2030,37.5,Yes,0,No,No,16,9.7,No,28
FLU-254,ICU B,2023-11-14,65,Female,59,No,No,No,Yes,Skin/soft tissue,18,25,12.5,51,Yes,Yes,5000,970,2080,1000,1860,650,107.1,Yes,3,Yes,No,0,4.8,Yes,5
FLU-255,ICU A,2023-11-15,59,Male,103.5,No,No,No,Yes,Other,5,4,1.5,96,No,No,890,1070,1200,1750,1180,1800,-13,No,0,No,No,28,2.9,No,28
FLU-256,ICU C,2023-11-15,90,Male,80.7,Yes,No,No,Yes,Abdominal,10,22,3.1,65,Yes,No,1290,1470,1470,1500,1250,1290,-3.1,No,3,Yes,No,28,7,No,28
FLU-257,ICU A,2023-11-16,38,Male,66.1,No,No,No,No,Respiratory,7,11,1.7,84,Yes,Yes,1490,980,1930,1580,3350,3250,14.5,Yes,0,No,No,25,20.8,No,28
FLU-258,ICU A,2023-11-16,85,Male,90,No,No,No,Yes,Respiratory,8,21,1.4,79,No,Yes,800,1020,2660,2920,1460,1610,-7,No,0,No,No,20,2.7,No,28
FLU-259,ICU A,2023-11-17,54,Male,68.8,No,No,No,No,Skin/soft tissue,3,15,1.4,91,Yes,No,710,2450,1570,2750,800,1460,-52,No,0,No,No,28,2,No,28
FLU-260,ICU C,2023-11-18,88,Male,77.4,Yes,No,Yes,No,Abdominal,11,31,6.1,61,Yes,Yes,1620,1290,1120,1050,2380,2330,5.8,Yes,1,Yes,No,0,2.6,Yes,3
FLU-261,ICU D,2023-11-20,79,Male,64.5,No,No,Yes,No,Abdominal,10,20,1.9,65,No,No,3640,1660,2550,1260,3140,2750,56.7,Yes,2,Yes,No,0,7.1,Yes,8
FLU-262,ICU A,2023-11-21,66,Male,70.4,No,No,No,No,Respiratory,10,28,5.7,63,Yes,Yes,2690,1470,3700,2970,2050,1710,32.5,Yes,3,Yes,No,0,13.2,Yes,14
FLU-263,ICU C,2023-11-21,80,Female,55.8,Yes,Yes,Yes,No,Abdominal,8,24,2.3,72,No,No,630,1360,1520,1900,1260,1300,-20.6,No,1,Yes,No,28,2.5,No,28
FLU-264,ICU A,2023-11-21,62,Male,69.5,Yes,No,No,No,Other,5,3,1.2,88,No,No,1330,1960,4250,4650,1520,1680,-17.1,No,0,No,No,28,2,No,28
FLU-265,ICU B,2023-11-24,57,Female,67.3,No,No,No,Yes,Respiratory,5,7,1.7,84,No,Yes,1300,1870,2210,2440,1920,2020,-13.4,No,0,No,No,14,17.3,No,28
FLU-266,ICU C,2023-11-24,91,Male,90.1,Yes,No,No,No,Respiratory,5,23,3.8,91,No,No,3580,3390,3390,3360,1910,1890,2.7,Yes,0,No,No,28,5,No,28
FLU-267,ICU A,2023-11-25,68,Male,60.6,Yes,No,No,No,Respiratory,8,20,3.8,79,No,Yes,3640,1910,2340,1620,2720,2220,48.7,Yes,1,Yes,No,15,6.5,No,28
FLU-268,ICU A,2023-11-27,49,Male,84.5,No,Yes,Yes,Yes,Respiratory,9,19,9.3,73,Yes,Yes,560,870,1350,1560,2020,2140,-7.6,No,3,Yes,No,21,8.5,No,28
FLU-269,ICU D,2023-11-27,67,Female,58.9,No,No,No,No,Respiratory,11,26,2.5,65,Yes,Yes,2070,1060,2220,1650,2740,2300,34.3,Yes,0,No,No,21,14.9,No,28
FLU-270,ICU D,2023-11-27,48,Female,56.3,Yes,No,No,Yes,Respiratory,2,9,1.1,68,No,Yes,2610,2230,2370,2060,1450,1340,14.2,Yes,0,No,No,23,3.4,No,28
FLU-271,ICU A,2023-11-28,67,Male,77.5,No,No,No,Yes,Urinary,6,14,3.8,74,No,No,1950,2170,2540,2650,1810,1990,-6.6,No,0,No,No,28,7,No,28
FLU-272,ICU C,2023-11-29,68,Male,69.2,No,No,No,No,Urinary,11,28,,61,No,Yes,2080,1340,1400,980,1300,1000,21.1,Yes,1,Yes,No,0,0.7,Yes,1
FLU-273,ICU D,2023-12-04,71,Female,50.7,No,No,No,Yes,Abdominal,9,22,1.9,69,No,Yes,1430,2080,640,1220,1510,1770,-29.4,No,2,Yes,No,0,0.5,Yes,1
FLU-274,ICU A,2023-12-04,60,Male,57.9,No,No,No,Yes,Respiratory,7,18,1.1,66,No,Yes,1190,990,1770,1590,1410,1340,7.8,Yes,0,No,No,17,6.5,No,28
FLU-275,ICU C,2023-12-06,52,Female,56.6,No,No,No,No,Respiratory,6,15,2.4,78,No,No,1340,1250,1220,1200,3660,3650,2.1,Yes,2,Yes,No,28,6.4,No,28
FLU-276,ICU D,2023-12-06,63,Male,72.9,No,Yes,No,No,Urinary,10,12,,80,No,Yes,3750,2120,2620,2080,1640,1220,35.5,Yes,0,No,No,0,11.2,Yes,12
FLU-277,ICU C,2023-12-07,29,Female,,No,No,No,No,Abdominal,5,9,,82,No,No,2330,1760,2460,1700,2280,2060,,,1,Yes,No,28,10.4,No,28
FLU-278,ICU C,2023-12-08,53,Female,56.6,No,No,Yes,No,Skin/soft tissue,11,26,4.2,62,Yes,Yes,2710,1940,1880,1520,2660,2490,23,Yes,3,Yes,Yes,0,1.3,Yes,2
FLU-279,ICU C,2023-12-09,51,Female,56,No,No,No,Yes,Urinary,5,22,,84,No,No,2090,1770,2860,2640,4260,4040,13.6,Yes,0,No,No,28,3,No,28
FLU-280,ICU B,2023-12-09,81,Male,62.1,Yes,No,Yes,Yes,Skin/soft tissue,9,26,1.7,76,Yes,No,2350,2430,1440,1500,2840,2880,-2.9,No,0,No,No,28,6.9,No,28
FLU-281,ICU B,2023-12-11,77,Male,71.6,Yes,Yes,No,No,Respiratory,10,27,2.2,75,No,No,1220,1170,1120,1090,1930,1920,1.3,Yes,0,No,No,28,5.8,No,28
FLU-282,ICU A,2023-12-11,54,Male,74.4,No,No,No,No,Respiratory,4,8,,75,Yes,Yes,2480,1350,3890,,3100,2100,,,0,No,No,20,9.4,No,28
FLU-283,ICU D,2023-12-12,60,Female,69.6,Yes,No,No,Yes,Abdominal,5,18,1.8,69,No,No,670,1200,1840,2150,1350,1830,-19,No,0,No,No,28,5.3,No,28
FLU-284,ICU C,2023-12-12,53,Male,72.8,Yes,No,No,Yes,Respiratory,5,13,,61,No,No,2040,2250,2580,2690,2260,2490,-7.6,No,1,Yes,No,28,3.4,No,28
FLU-285,ICU A,2023-12-13,87,Male,41,Yes,No,No,No,Respiratory,12,28,9.6,59,No,Yes,2190,1290,2600,2120,2000,1770,39.3,Yes,3,Yes,No,0,0.6,Yes,1
FLU-286,ICU A,2023-12-14,42,Female,67.4,No,No,No,No,Urinary,2,14,2.3,91,No,No,3130,3350,2900,3020,3100,3110,-5.2,No,0,No,No,28,4.1,No,28
FLU-287,ICU B,2023-12-14,65,Male,73,No,No,No,No,Abdominal,13,25,5.1,68,Yes,Yes,2530,2410,1230,1130,1310,1250,3.8,Yes,3,Yes,Yes,23,7.3,No,28
FLU-288,ICU C,2023-12-16,79,Male,60.1,No,No,No,No,Urinary,9,20,4.8,65,No,Yes,940,930,1950,1950,1270,1260,0.3,Yes,3,Yes,No,0,21.6,Yes,22
FLU-289,ICU C,2023-12-19,73,Male,44.9,No,No,Yes,No,Respiratory,10,24,2.1,71,No,No,880,690,1720,2220,1060,1220,-10.5,No,3,Yes,No,0,8,Yes,8
FLU-290,ICU B,2023-12-20,30,Female,62.8,No,No,No,Yes,Respiratory,7,19,2.1,66,Yes,No,2680,830,3240,1700,2790,2070,65.4,Yes,2,Yes,No,28,8.9,No,28
FLU-291,ICU D,2023-12-20,58,Female,61.3,No,No,No,No,Respiratory,9,22,5.7,64,Yes,Yes,3570,1590,2480,1500,1900,1670,52,Yes,2,Yes,No,0,9.9,Yes,10
FLU-292,ICU D,2023-12-22,88,Male,93.9,No,No,Yes,Yes,Urinary,7,10,,91,No,No,920,2660,660,1910,2330,3010,-39.1,No,0,No,No,28,3.7,No,28
FLU-293,ICU B,2023-12-23,65,Male,78.7,Yes,No,No,Yes,Urinary,3,19,0.6,73,Yes,Yes,3260,3720,1460,1790,2530,2660,-11.7,No,0,No,No,25,4,No,28
FLU-294,ICU B,2023-12-23,73,Male,64.7,No,No,No,No,Skin/soft tissue,4,12,,80,No,No,2470,2360,3070,3030,3410,3390,2.6,Yes,1,Yes,No,28,1.7,No,28
FLU-295,ICU D,2023-12-23,63,Male,54.2,No,No,No,Yes,Abdominal,8,14,2,67,Yes,No,2280,1890,3310,3100,2600,2480,13.3,Yes,0,No,No,28,13.7,No,28
FLU-296,ICU A,2023-12-24,75,Female,58.9,No,No,Yes,No,Abdominal,6,24,3.1,78,No,Yes,2360,2700,1400,1790,1720,2020,-17.5,No,3,Yes,No,0,4.3,Yes,5
FLU-297,ICU C,2023-12-25,75,Male,81.8,No,Yes,No,Yes,Respiratory,11,23,4.1,56,Yes,Yes,2330,890,1890,1270,2880,2060,35.2,Yes,0,No,No,0,2.9,Yes,3
FLU-298,ICU A,2023-12-25,50,Male,86.5,No,No,No,No,Respiratory,7,13,3.8,85,No,No,1330,1460,2020,2070,3030,3070,-2.5,No,0,No,No,28,9.4,No,28
FLU-299,ICU D,2023-12-27,39,Female,58.3,No,No,No,No,Respiratory,3,16,1.2,67,No,Yes,2210,2090,1430,1340,2140,2120,3.9,Yes,0,No,No,22,3.6,No,28
FLU-300,ICU A,2024-01-02,52,Male,59,Yes,No,No,Yes,Other,15,34,6.7,60,Yes,Yes,2790,850,2360,1150,2570,1710,68,Yes,3,Yes,Yes,0,6.2,Yes,7
FLU-301,ICU C,2024-01-02,82,Female,55.5,No,Yes,Yes,No,Urinary,7,23,1.6,79,Yes,No,2620,2730,1290,1400,1540,1590,-4.9,No,0,No,No,28,2.8,No,28
FLU-302,ICU B,2024-01-02,54,Female,60.3,No,No,No,No,Skin/soft tissue,6,8,1.2,74,Yes,No,930,1720,2220,2550,2290,2630,-24.2,No,0,No,No,28,1.8,No,28
FLU-303,ICU A,2024-01-03,68,Female,55.7,No,No,Yes,Yes,Other,5,19,1.7,87,No,No,1210,2250,1740,2090,1180,1410,-29.1,No,2,Yes,No,28,3.9,No,28
FLU-304,ICU C,2024-01-03,48,Male,73.4,No,No,No,Yes,Other,4,15,1,79,No,No,1910,2850,2760,3070,1320,1430,-18.5,No,0,No,No,0,21.4,Yes,22
FLU-305,ICU B,2024-01-04,78,Male,65.1,No,Yes,No,No,Respiratory,6,17,,71,No,Yes,2690,1000,1960,1110,2040,1760,43.3,Yes,0,No,No,0,6.1,Yes,7
FLU-306,ICU B,2024-01-05,39,Male,42.5,No,No,No,No,Respiratory,10,19,2.8,68,Yes,Yes,1870,1510,1020,790,2170,2020,17.4,Yes,1,Yes,No,0,10.8,Yes,11
FLU-307,ICU D,2024-01-06,73,Female,70.9,No,No,No,Yes,Urinary,3,7,,94,No,No,2580,2110,2420,2060,2360,2070,15.8,Yes,0,No,No,28,5.8,No,28
FLU-308,ICU B,2024-01-07,72,Male,64,No,No,No,No,Other,5,15,1.3,63,No,Yes,1560,2030,780,900,2230,2290,-10.2,No,0,No,No,24,3.8,No,28
FLU-309,ICU D,2024-01-07,70,Male,82.5,No,No,Yes,No,Urinary,11,19,4.5,69,No,Yes,1910,1470,1950,1420,2520,2170,16,Yes,0,No,No,25,7,No,28
FLU-310,ICU C,2024-01-12,75,Male,71.4,No,No,No,Yes,Respiratory,6,20,1.2,69,Yes,No,2550,1930,1660,1340,2600,2500,14.6,Yes,2,Yes,No,28,7.6,No,28
FLU-311,ICU B,2024-01-13,56,Male,74.6,No,No,Yes,Yes,Other,7,21,2.9,73,Yes,No,1230,1380,840,900,2320,2370,-3.5,No,1,Yes,No,0,7.7,Yes,8
FLU-312,ICU C,2024-01-13,73,Female,62.8,No,Yes,No,No,Abdominal,3,11,4.8,87,No,No,1510,2400,860,1340,3550,4050,-29.8,No,0,No,No,28,2.4,No,28
FLU-313,ICU C,2024-01-15,54,Male,79.6,Yes,No,No,Yes,Skin/soft tissue,7,17,1.7,78,Yes,Yes,3410,2620,2120,1650,1480,1350,17.5,Yes,1,Yes,No,20,13.1,No,28
FLU-314,ICU C,2024-01-15,43,Female,64.1,No,No,No,Yes,Abdominal,7,16,3.2,81,Yes,Yes,1240,1410,1110,1220,1530,1580,-5.1,No,1,Yes,No,15,7.6,No,28
FLU-315,ICU A,2024-01-15,93,Female,58.8,No,Yes,Yes,Yes,Respiratory,8,28,1.2,59,Yes,Yes,2110,2610,2360,2570,1770,2200,-19.4,No,1,Yes,No,0,3.2,Yes,4
FLU-316,ICU D,2024-01-16,54,Male,59.6,No,No,No,No,Urinary,10,25,2.1,71,Yes,Yes,2900,1960,1380,580,2100,1620,37.2,Yes,2,Yes,No,26,8.7,No,28
FLU-317,ICU B,2024-01-17,62,Female,76.4,Yes,No,No,No,Urinary,5,15,1,84,No,No,1640,1270,4230,4110,1130,1050,7.5,Yes,3,Yes,Yes,28,4.8,No,28
FLU-318,ICU A,2024-01-17,58,Male,76.6,No,No,No,Yes,Respiratory,11,23,2.6,78,Yes,No,2060,1580,2170,1790,1980,1670,15.3,Yes,3,Yes,Yes,28,1.9,No,28
FLU-319,ICU D,2024-01-18,61,Male,68.7,No,No,No,Yes,Abdominal,4,11,,89,No,No,2780,4160,680,1950,1360,2030,-48.3,No,0,No,No,28,4.1,No,28
FLU-320,ICU D,2024-01-20,78,Male,77.7,Yes,No,Yes,Yes,Respiratory,9,25,3.1,63,Yes,Yes,3580,2220,1940,1120,2260,1490,38,Yes,1,Yes,No,0,11.9,Yes,12
FLU-321,ICU D,2024-01-20,73,Male,67.9,No,No,No,Yes,Urinary,4,10,,81,Yes,No,2620,2010,3700,3470,2160,2040,14.1,Yes,0,No,No,28,14.5,No,28
FLU-322,ICU D,2024-01-21,64,Male,73.8,Yes,No,No,Yes,Abdominal,12,23,3.3,64,Yes,Yes,2960,700,2690,2030,1960,1440,46.6,Yes,3,Yes,Yes,0,0.8,Yes,1
FLU-323,ICU C,2024-01-24,92,Male,73.5,Yes,No,No,Yes,Respiratory,9,26,2.2,76,Yes,Yes,1510,2700,870,1550,1560,1940,-30.6,No,0,No,No,0,1.5,Yes,2
FLU-324,ICU B,2024-01-27,89,Male,78.4,Yes,No,No,Yes,Skin/soft tissue,6,25,,73,Yes,Yes,2450,2260,2140,2080,2120,2030,4.3,Yes,0,No,No,0,19.3,Yes,20
FLU-325,ICU A,2024-01-28,60,Male,47.2,No,No,No,No,Respiratory,7,18,3,59,Yes,Yes,1380,1280,3480,3380,4550,4520,4.9,Yes,2,Yes,No,23,17,No,28
FLU-326,ICU A,2024-01-29,80,Male,72,No,No,No,No,Respiratory,13,21,5.5,64,Yes,Yes,650,810,950,1400,1440,1770,-13.1,No,0,No,No,23,15,No,28
FLU-327,ICU B,2024-02-01,86,Female,64.5,No,No,Yes,No,Respiratory,9,28,6,58,No,No,2640,1050,2190,1380,2050,1410,47.1,Yes,1,Yes,No,0,7.6,Yes,8
FLU-328,ICU D,2024-02-02,57,Female,54.9,No,No,No,Yes,Abdominal,11,,2.5,74,No,Yes,3030,1760,3720,2790,2470,1320,61,Yes,0,No,No,25,6.8,No,28
FLU-329,ICU B,2024-02-03,76,Female,62.6,Yes,No,No,Yes,Other,7,17,2.4,85,No,No,2750,3200,690,1390,2140,2350,-21.7,No,0,No,No,28,6,No,28
FLU-330,ICU B,2024-02-03,94,Male,60.4,Yes,No,No,Yes,Urinary,4,13,,83,No,No,750,1860,740,1200,1480,1900,-32.9,No,0,No,No,28,2.8,No,28
FLU-331,ICU D,2024-02-07,72,Female,48.7,Yes,No,Yes,No,Respiratory,5,17,2.3,67,No,Yes,580,1430,1250,1580,2560,2780,-28.7,No,0,No,No,26,5.9,No,28
FLU-332,ICU D,2024-02-10,62,Male,70,Yes,No,Yes,Yes,Respiratory,10,20,4.1,69,Yes,No,1680,1180,1050,860,2350,1900,16.3,Yes,3,Yes,Yes,0,1.3,Yes,2
FLU-333,ICU A,2024-02-12,79,Female,69,Yes,No,No,Yes,Respiratory,10,27,2.2,82,No,Yes,1840,1930,1920,1980,1830,1910,-3.3,No,2,Yes,No,22,5.2,No,28
FLU-334,ICU D,2024-02-12,68,Female,59.4,Yes,No,No,Yes,Urinary,5,20,0.7,84,No,No,1120,2500,1370,2260,3430,3670,-42.3,No,0,No,No,28,1.7,No,28
FLU-335,ICU C,2024-02-12,64,Male,69.4,Yes,No,No,Yes,Respiratory,8,14,2.1,69,No,Yes,550,1190,580,980,2070,2270,-17.9,No,0,No,No,21,13.1,No,28
FLU-336,ICU D,2024-02-13,58,Male,59,No,No,No,Yes,Respiratory,8,16,1.9,67,Yes,No,2060,1950,1600,1520,1390,1360,3.7,Yes,1,Yes,No,28,14,No,28
FLU-337,ICU D,2024-02-13,75,Male,66.9,No,No,No,Yes,Abdominal,9,28,3.2,69,No,Yes,2790,1250,3300,2630,1640,1340,37.5,Yes,2,Yes,No,22,19.8,No,28
FLU-338,ICU A,2024-02-13,78,Male,63.2,No,No,No,No,Urinary,3,9,,77,No,No,1940,2110,2670,2780,3690,3750,-5.4,No,0,No,No,28,7.9,No,28
FLU-339,ICU C,2024-02-14,34,Male,95,No,No,No,Yes,Abdominal,6,19,1.9,85,No,No,1070,2030,1180,1660,690,1940,-28.3,No,0,No,No,28,3.3,No,28
FLU-340,ICU C,2024-02-14,68,Female,57.9,No,No,No,Yes,Skin/soft tissue,13,31,4.1,65,Yes,No,560,780,800,850,1450,1590,-7.1,No,3,Yes,Yes,28,9.4,No,28
FLU-341,ICU B,2024-02-15,66,Male,66.1,No,No,No,Yes,Respiratory,6,15,1.5,64,No,No,3350,2490,1520,1100,2450,2370,20.6,Yes,2,Yes,No,28,4.3,No,28
FLU-342,ICU A,2024-02-15,64,Male,41.1,No,No,Yes,No,Respiratory,1,10,0.9,99,No,Yes,2550,2770,1030,1130,4260,4440,-12.2,No,0,No,No,25,3.4,No,28
FLU-343,ICU A,2024-02-16,74,Female,59.8,Yes,No,No,Yes,Urinary,6,23,2.5,73,No,Yes,1780,1750,1360,1350,1140,1130,0.8,Yes,3,Yes,Yes,0,9.9,Yes,10
FLU-344,ICU A,2024-02-16,44,Male,81.7,No,Yes,No,No,Respiratory,10,26,3,53,Yes,Yes,2050,1230,1900,1230,1830,1510,22.2,Yes,3,Yes,Yes,24,8.5,No,28
FLU-345,ICU C,2024-02-17,66,Male,81.5,No,No,No,Yes,Respiratory,7,22,1.6,88,No,Yes,3420,2460,2860,2350,2500,1840,26.1,Yes,0,No,No,24,10.6,No,28
FLU-346,ICU A,2024-02-17,70,Male,70.5,No,No,Yes,No,Abdominal,10,23,3.7,70,No,Yes,520,1260,900,1310,1790,2130,-21.1,No,2,Yes,No,24,19.6,No,28
FLU-347,ICU C,2024-02-21,57,Male,60.6,No,No,No,No,Other,4,20,,78,Yes,No,3290,2970,1760,1670,2310,2180,8.9,Yes,1,Yes,No,28,4.2,No,28
FLU-348,ICU D,2024-02-22,73,Female,49.4,No,No,Yes,Yes,Urinary,8,23,2.9,70,Yes,Yes,2030,1260,3070,2250,1850,1510,39.1,Yes,3,Yes,Yes,19,9.7,No,28
FLU-349,ICU B,2024-02-26,72,Male,65.5,Yes,No,No,No,Respiratory,9,22,2.3,63,Yes,Yes,1440,1670,1890,2110,3290,3350,-7.8,No,1,Yes,No,23,20.6,No,28
FLU-350,ICU C,2024-02-27,68,Male,64.9,Yes,No,Yes,No,Other,12,24,1.6,60,No,Yes,1870,1740,880,790,2640,2600,4,Yes,2,Yes,No,20,5.1,No,28
FLU-351,ICU B,2024-02-28,50,Female,50,No,No,No,No,Respiratory,8,20,,91,No,No,1860,1720,3000,2820,1540,1480,7.6,Yes,1,Yes,No,28,3.1,No,28
FLU-352,ICU B,2024-02-28,61,Female,57.7,Yes,No,No,No,Urinary,7,14,,75,No,Yes,2900,2500,2040,1950,3440,3220,12.3,Yes,2,Yes,No,25,7.7,No,28
FLU-353,ICU C,2024-02-29,75,Male,59.5,No,No,No,Yes,Other,11,27,2,64,Yes,Yes,1190,1310,1570,1620,1010,1070,-3.9,No,2,Yes,No,0,1.1,Yes,2
FLU-354,ICU A,2024-03-03,51,Male,56,No,No,No,No,Urinary,3,17,1.4,77,No,No,2000,2160,1300,1380,1920,1950,-4.8,No,0,No,No,28,5,No,28
FLU-355,ICU B,2024-03-05,66,Female,68.5,No,No,No,No,Urinary,8,19,2,78,Yes,Yes,2090,2000,1660,1600,1640,1550,3.5,Yes,0,No,No,23,8.3,No,28
FLU-356,ICU A,2024-03-07,61,Female,57.8,Yes,No,Yes,No,Other,16,31,4.5,53,Yes,Yes,1370,870,1510,1290,1000,910,14,Yes,3,Yes,No,0,0.5,Yes,1
FLU-357,ICU A,2024-03-07,68,Female,70,No,Yes,Yes,No,Respiratory,6,19,2.5,74,No,No,820,1260,910,2010,780,1860,-37.4,No,0,No,No,28,1.2,No,28
FLU-358,ICU C,2024-03-09,70,Male,81.8,No,No,No,Yes,Abdominal,6,18,1.4,75,No,No,730,1430,1480,1880,2960,3840,-24.2,No,0,No,No,28,3.6,No,28
FLU-359,ICU D,2024-03-10,79,Male,71.2,Yes,Yes,Yes,No,Abdominal,7,23,1.9,71,Yes,No,2490,1340,1960,1510,2160,1710,28.8,Yes,1,Yes,No,28,13.1,No,28
FLU-360,ICU A,2024-03-11,94,Male,56.5,No,No,No,Yes,Respiratory,10,,7,63,Yes,Yes,900,1100,1320,1350,3160,3200,-4.8,No,3,Yes,No,25,7.8,No,28
FLU-361,ICU D,2024-03-12,70,Male,38,No,No,No,No,Respiratory,10,23,4.8,72,No,No,1890,1550,1020,860,1740,1520,18.9,Yes,3,Yes,Yes,0,1.6,Yes,2
FLU-362,ICU A,2024-03-13,51,Male,69.3,No,No,No,No,Urinary,3,7,0.9,92,No,Yes,3020,2300,2440,2170,2120,1990,16.2,Yes,0,No,No,21,4.5,No,28
FLU-363,ICU A,2024-03-15,48,Male,61.9,No,No,No,No,Urinary,13,18,3.6,70,No,No,2880,1250,2840,1580,3300,2770,55.3,Yes,3,Yes,No,28,11.5,No,28
FLU-364,ICU A,2024-03-15,52,Male,55.7,No,No,No,No,Abdominal,3,20,2.8,67,No,No,1960,2360,1960,2370,2000,2090,-16.2,No,0,No,No,28,6.8,No,28
FLU-365,ICU A,2024-03-17,54,Female,66.7,No,No,No,No,Urinary,9,22,2.8,60,Yes,Yes,1410,810,2590,2010,1990,1880,19.3,Yes,0,No,No,0,6.7,Yes,7
FLU-366,ICU B,2024-03-17,71,Female,47.4,No,No,No,Yes,Respiratory,4,22,1.7,80,Yes,Yes,1580,1230,1940,1380,2400,2030,27,Yes,0,No,No,23,4,No,28
FLU-367,ICU A,2024-03-17,55,Male,56.5,No,No,No,No,Respiratory,8,11,1.4,89,No,No,4240,2620,2540,1720,1580,1430,45.8,Yes,1,Yes,No,28,20.3,No,28
FLU-368,ICU A,2024-03-20,53,Female,75.3,No,No,No,No,Other,11,31,8.4,56,Yes,Yes,3510,1380,2340,1650,2310,1780,44.5,Yes,3,Yes,Yes,0,12.8,Yes,13
FLU-369,ICU A,2024-03-22,80,Female,89.1,No,No,No,Yes,Urinary,5,18,2.1,63,No,No,3040,3720,2240,2970,1490,1810,-19.4,No,0,No,No,28,1.8,No,28
FLU-370,ICU A,2024-03-24,90,Female,62.1,Yes,Yes,No,No,Respiratory,2,17,1.6,92,No,No,890,1980,2690,3050,1440,2090,-33.8,No,2,Yes,No,28,4.8,No,28
FLU-371,ICU C,2024-03-25,70,Female,54.8,No,No,Yes,Yes,Abdominal,8,17,,65,Yes,Yes,2250,1900,1620,1180,2230,1920,20.1,Yes,2,Yes,No,0,9.6,Yes,10
FLU-372,ICU C,2024-03-28,60,Male,96.5,No,No,No,No,Skin/soft tissue,12,26,7.4,44,Yes,Yes,3010,1850,2010,1520,2550,2250,20.2,Yes,1,Yes,No,0,4.5,Yes,5
FLU-373,ICU A,2024-03-29,75,Male,78.7,No,No,No,No,Respiratory,6,21,2.5,65,No,Yes,2140,2700,1320,1770,2860,3070,-15.5,No,1,Yes,No,25,7.6,No,28
FLU-374,ICU B,2024-03-30,81,Male,69.4,No,No,No,No,Skin/soft tissue,7,21,1.8,84,No,No,3030,1880,2390,1670,3150,3090,27.8,Yes,0,No,No,28,6,No,28
FLU-375,ICU B,2024-04-04,74,Female,48.1,No,Yes,No,Yes,Abdominal,12,28,6.9,64,Yes,No,2750,1700,3780,2940,1720,1270,48.6,Yes,3,Yes,No,0,26.4,Yes,27
FLU-376,ICU A,2024-04-05,37,Male,66.9,No,No,No,Yes,Other,6,14,2.8,84,No,No,1490,1930,2400,2620,2040,2110,-10.9,No,0,No,No,28,2.8,No,28
FLU-377,ICU A,2024-04-06,37,Male,52.4,No,No,No,Yes,Skin/soft tissue,7,16,2.3,69,No,No,1850,1460,1510,1310,4320,4130,14.9,Yes,1,Yes,No,28,8,No,28
FLU-378,ICU A,2024-04-06,31,Male,68.6,No,No,No,No,Respiratory,4,9,1.8,85,No,No,3040,2890,1940,1880,3580,3530,3.8,Yes,0,No,No,28,3.1,No,28
FLU-379,ICU B,2024-04-07,59,Female,69.1,No,No,No,No,Abdominal,10,24,5,67,Yes,Yes,3980,1810,2500,1670,4170,3460,53.7,Yes,3,Yes,Yes,12,6.3,No,28
FLU-380,ICU B,2024-04-07,69,Male,73.5,No,No,No,Yes,Urinary,10,28,5.5,68,Yes,Yes,4050,2010,4260,2000,1250,750,65.3,Yes,3,Yes,Yes,0,9.1,No,28
FLU-381,ICU B,2024-04-07,53,Male,64.6,No,No,No,No,Respiratory,8,20,4,79,Yes,Yes,3310,2460,3560,2770,2410,1880,33.6,Yes,3,Yes,No,17,8.9,No,28
FLU-382,ICU B,2024-04-08,74,Male,73.7,No,No,No,Yes,Other,7,16,1.3,76,No,No,1510,880,2610,2270,3300,3100,15.9,Yes,0,No,No,28,4.9,No,28
FLU-383,ICU A,2024-04-08,42,Male,79.9,Yes,No,No,No,Respiratory,10,16,2.1,78,Yes,Yes,1400,2000,1820,2030,2090,2250,-12.1,No,0,No,No,21,6,No,28
FLU-384,ICU A,2024-04-09,60,Male,63.8,No,No,No,No,Abdominal,6,16,1.3,80,Yes,Yes,2850,2520,1350,1250,2830,2510,11.8,Yes,2,Yes,No,0,2.4,Yes,3
FLU-385,ICU D,2024-04-10,50,Female,51.7,No,No,No,No,Respiratory,4,19,,92,No,No,3720,3600,2260,2100,1880,1810,6.8,Yes,1,Yes,No,28,6.1,No,28
FLU-386,ICU C,2024-04-10,45,Male,62.9,No,No,No,No,Skin/soft tissue,6,11,1.9,91,Yes,No,3720,2250,4210,3620,2480,2290,35.8,Yes,0,No,No,28,6.4,No,28
FLU-387,ICU B,2024-04-11,37,Female,54.7,No,No,No,Yes,Other,9,10,1,64,Yes,No,990,900,1580,1540,1550,1490,3.5,Yes,0,No,No,28,13.1,No,28
FLU-388,ICU B,2024-04-12,49,Male,59.9,Yes,No,No,No,Respiratory,10,26,6,68,Yes,Yes,2690,1840,1850,1430,1920,1450,29,Yes,1,Yes,No,20,23.5,No,28
FLU-389,ICU A,2024-04-13,78,Female,80.2,Yes,No,No,Yes,Abdominal,7,15,3.2,75,No,No,1520,2200,1850,2020,2440,2560,-12.1,No,3,Yes,Yes,28,3.4,No,28
FLU-390,ICU A,2024-04-20,65,Male,68.7,Yes,No,No,No,Urinary,12,28,5,59,Yes,Yes,850,1690,890,1440,1170,1490,-24.9,No,1,Yes,No,23,9.6,No,28
FLU-391,ICU C,2024-04-22,54,Male,80.1,No,Yes,No,No,Abdominal,7,17,2.1,71,No,No,590,1410,1430,1940,1930,2350,-21.8,No,0,No,No,28,3.2,No,28
FLU-392,ICU B,2024-04-24,50,Female,47,No,Yes,No,Yes,Respiratory,9,17,3,55,No,Yes,1720,1360,2610,2370,1250,1110,15.7,Yes,1,Yes,No,21,6.6,No,28
FLU-393,ICU C,2024-04-24,54,Female,65.5,Yes,No,Yes,No,Respiratory,9,18,4.7,53,Yes,Yes,1940,1810,780,680,1660,1610,4.3,Yes,1,Yes,No,0,6.3,Yes,7
FLU-394,ICU A,2024-04-25,44,Female,56.6,No,No,No,No,Urinary,9,24,2.4,71,Yes,Yes,3020,2120,1970,1590,1610,1440,25.6,Yes,3,Yes,Yes,22,18.3,No,28
FLU-395,ICU D,2024-04-25,71,Male,66.6,Yes,No,Yes,No,Urinary,6,22,2.9,73,Yes,No,1290,2010,630,1140,1530,1780,-22.2,No,0,No,No,28,5.1,No,28
FLU-396,ICU C,2024-04-26,90,Female,57.4,Yes,No,Yes,Yes,Respiratory,4,15,1.7,104,No,Yes,2490,4040,520,1900,1460,2520,-69.5,No,0,No,No,26,9.3,No,28
FLU-397,ICU B,2024-04-28,94,Male,78.5,No,No,No,Yes,Abdominal,8,22,1.2,82,Yes,No,1520,1370,1960,1890,1550,1500,3.4,Yes,0,No,No,28,6,No,28
FLU-398,ICU A,2024-04-28,49,Female,67.3,No,No,No,No,Abdominal,9,27,4.1,75,No,Yes,1480,1290,1570,1420,1730,1520,8.2,Yes,0,No,No,19,5.9,No,28
FLU-399,ICU B,2024-04-29,67,Female,52.5,Yes,No,No,Yes,Abdominal,5,18,2.3,70,Yes,No,2790,1470,3110,2400,1950,1270,51.6,Yes,1,Yes,No,28,8.8,No,28
FLU-400,ICU D,2024-05-02,74,Male,56.3,Yes,No,Yes,No,Respiratory,10,28,3.2,55,No,Yes,2710,1610,4160,3210,1680,1290,43.3,Yes,1,Yes,No,0,8.1,Yes,9
FLU-401,ICU B,2024-05-03,68,Male,79.2,No,No,No,Yes,Respiratory,5,19,,66,No,No,2850,2590,2760,2670,2170,2050,5.9,Yes,1,Yes,No,28,2.1,No,28
FLU-402,ICU C,2024-05-04,65,Male,61.3,No,No,No,Yes,Other,8,19,2.9,80,Yes,No,4380,2320,3800,2050,2160,1740,69,Yes,3,Yes,No,28,13.4,No,28
FLU-403,ICU C,2024-05-05,81,Female,41.8,No,No,Yes,Yes,Respiratory,8,24,2.6,69,Yes,Yes,2170,2430,1470,1580,2360,2420,-10.3,No,0,No,No,24,7.8,No,28
FLU-404,ICU A,2024-05-09,63,Female,63.7,Yes,No,Yes,No,Respiratory,4,15,0.6,89,Yes,Yes,1290,2280,1810,2010,2810,2960,-21,No,0,No,No,0,2.4,Yes,3
FLU-405,ICU A,2024-05-09,75,Male,82.9,No,No,No,No,Respiratory,7,15,,82,No,No,4250,3360,1980,1600,2870,2450,20.4,Yes,0,No,No,28,11.9,No,28
FLU-406,ICU B,2024-05-09,59,Male,65.3,No,No,No,Yes,Skin/soft tissue,4,15,2.3,78,Yes,No,4360,1650,4810,4610,3060,2820,48.2,Yes,0,No,No,28,11.6,No,28
FLU-407,ICU A,2024-05-09,59,Male,57.8,No,No,No,No,Respiratory,7,24,3.9,59,Yes,Yes,2270,1330,2750,2100,2700,2200,36.2,Yes,3,Yes,Yes,0,3.9,No,28
FLU-408,ICU C,2024-05-10,89,Female,61.2,No,No,No,Yes,Respiratory,11,27,2.3,78,Yes,Yes,2540,1360,1590,1120,1910,1460,34.3,Yes,3,Yes,Yes,0,0.6,Yes,1
FLU-409,ICU A,2024-05-10,88,Male,75.3,Yes,Yes,No,No,Abdominal,3,20,1.5,84,No,Yes,1500,1670,1330,1450,1960,2060,-5.2,No,0,No,No,0,0.5,Yes,1
FLU-410,ICU D,2024-05-10,84,Male,70.8,Yes,No,No,Yes,Respiratory,14,33,4,62,Yes,Yes,2400,770,3260,1970,2870,2090,52.3,Yes,3,Yes,No,0,5,Yes,5
FLU-411,ICU A,2024-05-10,47,Male,78,No,No,No,Yes,Urinary,1,9,1.7,84,No,No,1920,2400,2580,2810,1400,1490,-10.3,No,0,No,No,0,8.6,Yes,9
FLU-412,ICU C,2024-05-11,65,Male,72.8,Yes,No,No,No,Urinary,5,12,,89,No,No,4370,3560,6210,5840,3550,3440,17.7,Yes,0,No,No,28,3.9,No,28
FLU-413,ICU B,2024-05-12,41,Male,74.3,No,No,Yes,Yes,Urinary,6,19,1.5,84,Yes,No,4360,2590,3030,2190,3090,2930,37.3,Yes,1,Yes,No,0,0.8,Yes,1
FLU-414,ICU D,2024-05-12,54,Male,82.9,Yes,No,No,Yes,Other,9,18,3.7,54,Yes,Yes,3000,1330,1600,680,2660,1570,44.4,Yes,0,No,No,0,1.2,Yes,2
FLU-415,ICU B,2024-05-12,91,Female,45.3,No,Yes,Yes,Yes,Respiratory,10,24,2.1,78,Yes,Yes,1710,1430,1700,1540,2560,2390,13.5,Yes,3,Yes,No,25,8.8,No,28
FLU-416,ICU D,2024-05-12,78,Female,52.9,No,No,No,Yes,Abdominal,3,19,,94,No,Yes,1670,2180,2540,2920,3100,3240,-19.5,No,0,No,No,27,2.3,No,28
FLU-417,ICU D,2024-05-13,76,Female,45,No,No,No,Yes,Urinary,11,26,3.6,74,No,No,1910,1660,1860,1760,1720,1550,11.6,Yes,2,Yes,No,0,1.9,Yes,2
FLU-418,ICU B,2024-05-14,59,Female,48.9,No,No,No,No,Other,12,23,4.9,,Yes,Yes,1700,520,1360,870,2000,1700,40.3,Yes,3,Yes,Yes,14,15.3,No,28
FLU-419,ICU D,2024-05-16,44,Male,60.6,No,No,No,Yes,Respiratory,6,18,2,82,No,Yes,2280,2010,1600,1520,2180,2150,6.3,Yes,0,No,No,18,5.3,No,28
FLU-420,ICU B,2024-05-16,46,Male,79.9,No,No,No,No,Respiratory,4,13,2.9,78,Yes,Yes,640,1030,900,1440,1170,1230,-12.4,No,0,No,No,16,9.2,No,28
FLU-421,ICU D,2024-05-18,61,Female,86.1,Yes,No,No,Yes,Respiratory,1,12,,73,No,No,3810,2350,3580,3060,3430,2910,29,Yes,0,No,No,28,2.4,No,28
FLU-422,ICU B,2024-05-21,71,Female,73.1,Yes,No,No,Yes,Abdominal,7,23,2.3,77,Yes,No,1920,1830,1830,1800,1110,1080,2.1,Yes,1,Yes,No,0,5.2,Yes,6
FLU-423,ICU C,2024-05-21,56,Female,53,No,No,No,No,Urinary,6,17,,69,No,No,3100,2760,2130,2020,1980,1790,12.1,Yes,1,Yes,No,28,2.6,No,28
FLU-424,ICU C,2024-05-22,62,Male,78.9,No,No,No,No,Respiratory,7,11,,87,No,Yes,2270,2710,2440,2580,1520,1680,-9.4,No,0,No,No,24,10.9,No,28
FLU-425,ICU A,2024-05-23,61,Male,71.8,No,No,No,No,Respiratory,5,11,0.7,78,Yes,Yes,1740,1470,3080,2940,1940,1840,7.1,Yes,0,No,No,23,3.4,No,28
FLU-426,ICU B,2024-05-25,73,Female,66.7,Yes,No,No,No,Respiratory,4,12,,82,No,No,3220,2960,3890,3730,3080,2880,9.3,Yes,0,No,No,28,1.5,No,28
FLU-427,ICU B,2024-05-26,79,Male,70.2,Yes,Yes,No,No,Respiratory,3,20,1.6,80,No,No,3080,1870,1790,1200,3960,3230,36,Yes,0,No,No,28,12.5,No,28
FLU-428,ICU B,2024-05-29,49,Male,65.9,No,No,No,Yes,Urinary,1,9,0.7,101,No,No,2000,2400,1550,1770,2020,2150,-11.4,No,0,No,No,28,1.9,No,28
FLU-429,ICU C,2024-05-31,48,Female,57.1,No,No,No,Yes,Urinary,8,12,2.3,81,No,No,2190,1500,3040,2840,1180,860,21.2,Yes,3,Yes,No,28,10.5,No,28
FLU-430,ICU A,2024-05-31,72,Male,69.9,Yes,No,No,Yes,Respiratory,4,8,,85,No,No,1470,1560,3620,3660,2430,2470,-2.4,No,0,No,No,28,5.3,No,28
FLU-431,ICU A,2024-05-31,74,Male,57.6,No,No,No,Yes,Abdominal,13,30,3.6,65,Yes,Yes,2530,2000,3110,2420,2450,1970,29.5,Yes,3,Yes,No,8,3.3,No,28
FLU-432,ICU B,2024-06-02,63,Female,54.4,Yes,No,No,Yes,Abdominal,7,18,1.3,77,No,No,1510,1230,2400,2220,1500,1440,9.6,Yes,3,Yes,No,0,0.5,Yes,1
FLU-433,ICU C,2024-06-06,47,Male,75.6,No,No,No,No,Other,10,21,5.9,74,Yes,Yes,820,1340,1220,1710,2040,2310,-16.9,No,3,Yes,No,0,0.9,Yes,1
FLU-434,ICU B,2024-06-06,78,Female,66.1,Yes,No,No,No,Other,6,19,2,74,No,Yes,3610,2810,2240,1980,1450,1350,17.5,Yes,0,No,No,19,10.3,No,28
FLU-435,ICU C,2024-06-06,57,Female,49.1,No,Yes,No,No,Respiratory,9,21,3.3,68,Yes,No,3100,1850,2170,1050,1650,1240,56.6,Yes,3,Yes,Yes,28,7,No,28
FLU-436,ICU C,2024-06-06,69,Female,71.4,No,Yes,No,No,Skin/soft tissue,3,11,1.4,78,No,No,1460,2040,960,1570,1460,1900,-22.8,No,0,No,No,28,4.1,No,28
FLU-437,ICU C,2024-06-08,73,Male,56.9,No,No,No,No,Urinary,8,20,2.7,65,Yes,Yes,1760,1060,2210,1920,1760,1600,20.2,Yes,3,Yes,No,25,10.9,No,28
FLU-438,ICU A,2024-06-08,76,Male,57.9,No,Yes,Yes,Yes,Respiratory,7,20,2.2,74,Yes,Yes,2620,1900,2880,2570,2270,2240,18.3,Yes,3,Yes,Yes,0,5.3,Yes,6
FLU-439,ICU D,2024-06-08,51,Male,65.5,No,No,No,No,Respiratory,11,20,3.1,59,Yes,No,3500,2190,1960,1600,3080,2560,33.4,Yes,1,Yes,No,28,10.1,No,28
FLU-440,ICU D,2024-06-09,55,Female,74.8,Yes,No,No,No,Urinary,8,12,1.5,75,Yes,No,500,1350,800,1640,2260,2510,-25.9,No,0,No,No,0,0.5,Yes,1
FLU-441,ICU D,2024-06-09,41,Male,62.3,Yes,No,No,No,Skin/soft tissue,5,15,3.1,57,Yes,Yes,2110,1680,2680,2470,3160,2930,14,Yes,0,No,No,24,8.9,No,28
FLU-442,ICU B,2024-06-09,63,Male,76.6,No,No,No,No,Respiratory,5,9,,83,No,No,840,1360,2130,2400,1970,2420,-16.2,No,0,No,No,28,3.7,No,28
FLU-443,ICU D,2024-06-10,24,Female,70.4,No,No,No,Yes,Skin/soft tissue,10,22,2.6,93,Yes,Yes,2260,1760,1600,1280,1780,1370,17.5,Yes,3,Yes,Yes,0,2.8,Yes,3
FLU-444,ICU D,2024-06-11,56,Male,76.1,Yes,No,No,No,Skin/soft tissue,8,19,2.4,82,No,No,2170,970,1940,1380,1830,1550,26.8,Yes,0,No,No,0,1.6,Yes,2
FLU-445,ICU B,2024-06-12,83,Female,68.8,Yes,Yes,No,Yes,Respiratory,12,30,5.2,55,Yes,No,1920,1500,1650,1500,1970,1340,17.4,Yes,1,Yes,No,0,0.5,Yes,1
FLU-446,ICU C,2024-06-13,76,Female,58.9,No,No,Yes,No,Other,15,34,7.9,74,Yes,Yes,2870,1140,2010,1520,2600,1980,48.2,Yes,3,Yes,Yes,0,16,Yes,16
FLU-447,ICU C,2024-06-16,52,Female,74,Yes,No,Yes,No,Respiratory,9,25,5.2,85,Yes,No,2740,2280,2130,1860,1400,1250,11.9,Yes,1,Yes,No,28,12.7,No,28
FLU-448,ICU B,2024-06-17,86,Female,77.4,Yes,No,No,Yes,Respiratory,14,27,3.2,60,Yes,Yes,2490,960,3200,2010,2130,1430,44.2,Yes,3,Yes,Yes,0,19.4,No,28
FLU-449,ICU A,2024-06-18,72,Male,55,No,No,No,No,Respiratory,6,17,2.8,68,Yes,Yes,4100,2740,4140,2990,3140,2480,57.6,Yes,0,No,No,20,14.8,No,28
FLU-450,ICU D,2024-06-18,39,Male,78.9,No,No,No,No,Respiratory,8,11,2.7,64,Yes,Yes,1380,1530,2870,2960,1650,1730,-4.1,No,2,Yes,No,0,26.6,Yes,27
FLU-451,ICU B,2024-06-20,49,Female,67.4,No,No,No,Yes,Abdominal,10,29,3.8,55,No,No,3260,1900,2440,1850,2900,2350,37.1,Yes,3,Yes,No,28,14.4,No,28
FLU-452,ICU A,2024-06-23,49,Male,73,No,No,No,No,Urinary,13,29,3,53,No,Yes,4700,1860,1920,1500,2260,1570,54.1,Yes,2,Yes,No,17,23.2,No,28
FLU-453,ICU A,2024-06-28,60,Male,51.5,Yes,No,No,No,Respiratory,10,27,3.3,64,Yes,Yes,2300,990,3500,2720,3690,3360,47,Yes,1,Yes,No,6,8.7,No,28
FLU-454,ICU B,2024-06-30,58,Female,60.2,No,No,No,Yes,Respiratory,10,21,2.6,67,No,Yes,1010,1740,880,1160,1350,1800,-24.3,No,1,Yes,No,23,6.9,No,28
FLU-455,ICU B,2024-06-30,73,Male,62.8,Yes,Yes,No,No,Respiratory,8,13,,75,No,Yes,2450,1960,1760,1220,2360,2250,18.2,Yes,0,No,No,0,11.1,Yes,12
FLU-456,ICU D,2024-06-30,45,Male,81.1,No,No,No,No,Respiratory,4,14,,92,No,Yes,2960,2220,2870,2640,2430,2310,13.4,Yes,1,Yes,No,25,14.4,No,28
FLU-457,ICU C,2024-07-01,55,Male,49.7,No,No,No,No,Abdominal,7,20,3.2,89,No,Yes,530,1240,1510,1810,1800,1970,-23.7,No,0,No,No,25,4.9,No,28
FLU-458,ICU A,2024-07-01,75,Male,55.8,No,No,No,Yes,Respiratory,10,19,1.6,78,No,No,1760,1470,4830,4720,1880,1800,8.6,Yes,0,No,No,28,10.5,No,28
FLU-459,ICU B,2024-07-01,85,Female,62.2,Yes,No,No,Yes,Respiratory,8,23,3.6,68,No,No,2300,2220,2050,1970,2440,2400,3.2,Yes,0,No,No,28,13.1,No,28
FLU-460,ICU B,2024-07-02,27,Male,67,No,No,No,Yes,Respiratory,7,19,1.4,73,No,No,1500,1450,2110,2060,3690,3650,2.1,Yes,2,Yes,No,28,6.2,No,28
FLU-461,ICU A,2024-07-05,51,Female,75.3,No,No,No,No,Respiratory,9,25,3.9,69,Yes,Yes,1320,720,1050,710,1670,1480,15,Yes,0,No,No,14,18.5,No,28
FLU-462,ICU A,2024-07-08,34,Female,58.6,No,No,No,Yes,Other,7,16,5.4,79,No,No,1010,1740,3140,3510,3110,3230,-20.8,No,0,No,No,28,8.9,No,28
FLU-463,ICU C,2024-07-09,85,Female,51.7,Yes,No,No,Yes,Respiratory,7,18,1.4,76,No,No,2300,2650,2130,2660,1620,1930,-23,No,0,No,No,28,2.4,No,28
FLU-464,ICU D,2024-07-13,59,Male,79.2,No,Yes,No,Yes,Urinary,8,21,2.5,78,No,No,3560,3630,2320,2380,1510,1550,-2.1,No,3,Yes,Yes,0,4.3,Yes,5
FLU-465,ICU A,2024-07-14,58,Female,57.1,No,No,No,Yes,Urinary,7,19,2.4,74,No,Yes,2000,1570,1450,1170,1900,1740,15.2,Yes,3,Yes,Yes,25,7.7,No,28
FLU-466,ICU B,2024-07-16,54,Male,64.9,No,No,No,Yes,Respiratory,7,19,5.4,59,No,Yes,2750,1330,2420,1210,4180,3410,52.4,Yes,3,Yes,Yes,22,6,No,28
FLU-467,ICU A,2024-07-18,43,Female,62.9,Yes,No,No,No,Urinary,7,15,2.2,69,Yes,No,1840,650,2350,1570,2360,1860,39.3,Yes,2,Yes,No,28,9.9,No,28
FLU-468,ICU A,2024-07-19,48,Female,44.7,No,No,No,No,Urinary,5,12,,89,No,No,1570,2130,2120,2710,2000,2360,-33.8,No,2,Yes,No,28,4.3,No,28
FLU-469,ICU C,2024-07-19,90,Male,73.6,No,No,Yes,No,Other,12,33,2.9,56,No,No,1940,1660,1300,1210,1640,1530,6.5,Yes,3,Yes,Yes,0,3.6,Yes,4
FLU-470,ICU A,2024-07-22,79,Female,55.5,Yes,Yes,Yes,No,Respiratory,7,21,2.9,64,No,Yes,620,800,1070,1950,1550,2450,-35.3,No,2,Yes,No,25,8.3,No,28
FLU-471,ICU D,2024-07-23,63,Male,61.1,Yes,No,Yes,Yes,Skin/soft tissue,1,6,1.2,84,No,No,2290,2360,5880,5950,1900,1910,-2.5,No,1,Yes,No,28,2,No,28
FLU-472,ICU A,2024-07-24,42,Male,75.7,No,No,No,No,Respiratory,7,10,1.1,68,No,No,870,2110,1480,2340,1370,2210,-38.8,No,0,No,No,28,5,No,28
FLU-473,ICU B,2024-07-24,71,Female,71.4,No,No,No,Yes,Urinary,12,30,3,62,Yes,Yes,3330,1660,2450,1600,3570,2840,45.5,Yes,0,No,No,12,17.2,No,28
FLU-474,ICU C,2024-07-25,38,Male,63.7,No,No,No,No,Other,7,18,0.5,63,Yes,Yes,1330,1130,3060,2920,2830,2760,6.4,Yes,1,Yes,No,25,6.6,No,28
FLU-475,ICU C,2024-07-26,62,Female,59.9,Yes,Yes,No,No,Urinary,3,16,,93,No,No,2410,2960,1740,2050,2210,2600,-20.9,No,0,No,No,28,4.2,No,28
FLU-476,ICU D,2024-07-26,35,Male,58.3,No,No,No,No,Respiratory,2,10,0.8,81,No,No,860,900,1270,1580,2730,3120,-12.7,No,0,No,No,28,4.6,No,28
FLU-477,ICU A,2024-07-26,55,Male,77.8,No,No,No,Yes,Urinary,10,23,2.7,69,No,No,1180,830,2380,1790,1690,1460,15,Yes,0,No,No,28,10.7,No,28
FLU-478,ICU A,2024-07-27,77,Male,73.4,Yes,No,No,Yes,Respiratory,4,16,2.6,86,Yes,Yes,1520,1840,2430,2660,2940,3100,-9.7,No,0,No,No,20,5.1,No,28
FLU-479,ICU B,2024-07-28,58,Female,56.6,No,No,No,Yes,Skin/soft tissue,5,13,3,91,No,No,1110,1320,2860,2940,3770,3930,-8,No,0,No,No,28,3.7,No,28
FLU-480,ICU B,2024-07-31,58,Male,50.4,No,No,No,No,Other,8,21,1.5,75,No,No,2090,1730,1680,1540,2470,2380,11.7,Yes,2,Yes,No,28,8.4,No,28
FLU-481,ICU D,2024-07-31,68,Female,45.6,Yes,No,No,Yes,Urinary,6,21,,81,Yes,No,2940,2210,3210,2670,2790,2560,32.9,Yes,0,No,No,28,6.6,No,28
FLU-482,ICU D,2024-08-02,83,Female,68.4,No,No,No,No,Respiratory,7,18,3,79,Yes,Yes,4320,2840,4900,4490,1540,1440,29.1,Yes,0,No,No,0,21.9,Yes,22
FLU-483,ICU D,2024-08-03,60,Male,49.7,No,No,No,No,Respiratory,7,21,,76,No,Yes,3240,2170,1990,1650,2280,1910,35.8,Yes,0,No,No,0,8,Yes,8
FLU-484,ICU B,2024-08-03,92,Male,49.6,Yes,No,No,Yes,Respiratory,12,27,2.2,64,No,Yes,1640,1000,2850,2620,2220,1960,22.8,Yes,0,No,No,0,4.7,Yes,5
FLU-485,ICU D,2024-08-03,43,Female,53.9,No,No,No,No,Abdominal,4,5,,81,No,No,1950,2000,1900,1970,2580,2590,-2.4,No,0,No,No,28,5.3,No,28
FLU-486,ICU A,2024-08-04,63,Female,64.2,No,No,Yes,No,Abdominal,5,15,,73,No,No,1310,1600,1570,1680,4340,4410,-7.3,No,2,Yes,No,28,7.1,No,28
FLU-487,ICU C,2024-08-04,34,Female,57.2,Yes,No,No,Yes,Respiratory,5,9,0.9,81,No,No,3390,2890,2550,2250,4200,4080,16.1,Yes,0,No,No,28,5.4,No,28
FLU-488,ICU D,2024-08-05,51,Male,75.8,No,No,No,No,Abdominal,10,24,1.8,67,No,Yes,2700,1440,2100,1220,2900,2220,37.2,Yes,3,Yes,No,19,6.2,No,28
FLU-489,ICU B,2024-08-05,61,Female,42.9,Yes,No,No,Yes,Other,8,21,4,66,Yes,No,1400,1740,2060,2210,520,670,-14.9,No,3,Yes,Yes,28,5.1,No,28
FLU-490,ICU A,2024-08-06,60,Male,80.3,No,Yes,Yes,No,Urinary,6,13,1.3,84,No,Yes,540,1330,1340,1780,3420,3700,-18.8,No,0,No,No,25,4.1,No,28
FLU-491,ICU A,2024-08-06,28,Female,52.2,No,No,No,No,Respiratory,5,12,2.9,68,No,Yes,1250,1690,5050,5260,2180,2280,-14.4,No,0,No,No,23,3.7,No,28
FLU-492,ICU B,2024-08-07,54,Female,59.5,No,No,No,Yes,Other,14,25,6,58,Yes,No,2920,2360,1840,1270,1170,740,26.2,Yes,3,Yes,Yes,28,10.1,No,28
FLU-493,ICU B,2024-08-07,53,Male,56.2,No,No,No,Yes,Other,11,21,5.3,63,Yes,Yes,2950,1170,1950,1140,2540,1760,60,Yes,0,No,No,0,4.4,Yes,5
FLU-494,ICU C,2024-08-08,76,Male,65.7,No,No,No,Yes,Respiratory,2,15,2.5,76,Yes,Yes,2280,2110,1980,1920,3640,3620,3.8,Yes,0,No,No,0,26.7,Yes,27
FLU-495,ICU C,2024-08-09,56,Male,58.8,Yes,No,No,Yes,Respiratory,8,24,3.6,60,No,Yes,990,2040,1740,2080,1440,1790,-29.6,No,0,No,No,25,5.2,No,28
FLU-496,ICU B,2024-08-09,65,Male,75.8,No,No,No,Yes,Respiratory,7,17,2.3,70,No,No,1260,1470,1430,1500,2520,2600,-4.7,No,0,No,No,28,4.1,No,28
FLU-497,ICU A,2024-08-13,52,Male,80,No,No,Yes,No,Other,6,17,1.9,61,Yes,No,2890,1640,3190,2440,4150,3870,28.5,Yes,0,No,No,0,0.7,Yes,1
FLU-498,ICU A,2024-08-13,79,Male,73.5,No,No,Yes,Yes,Skin/soft tissue,8,23,3.5,69,No,No,1740,1710,1080,1040,1950,1940,1.1,Yes,0,No,No,28,5.4,No,28
FLU-499,ICU B,2024-08-16,62,Male,81.7,No,No,No,Yes,Abdominal,1,10,,76,No,No,3320,2180,1810,1510,3330,3000,21.7,Yes,0,No,No,0,0.7,Yes,1
FLU-500,ICU C,2024-08-17,77,Female,60.8,No,No,No,Yes,Urinary,5,16,1.6,86,No,Yes,1920,2440,3020,3480,1480,1610,-18.3,No,0,No,No,25,4.8,No,28
FLU-501,ICU A,2024-08-21,76,Male,78.7,No,No,No,Yes,Urinary,7,16,,86,No,No,830,2030,690,1620,1290,2890,-47.4,No,0,No,No,28,2.9,No,28
FLU-502,ICU B,2024-08-24,61,Male,59.2,No,No,No,No,Other,10,29,,61,Yes,Yes,2650,1710,2580,2180,3420,2680,35.1,Yes,3,Yes,No,0,1.8,Yes,2
FLU-503,ICU A,2024-08-25,53,Female,75.7,Yes,No,No,No,Respiratory,8,18,3.1,72,No,No,2540,1760,1720,1390,2500,2160,19.2,Yes,1,Yes,No,28,7.8,No,28
FLU-504,ICU C,2024-08-26,70,Female,59.9,No,No,Yes,No,Respiratory,9,16,2.8,64,No,Yes,1220,1580,2850,3110,1950,2030,-11.7,No,0,No,No,24,4.3,No,28
FLU-505,ICU D,2024-08-26,65,Female,79.5,Yes,No,No,No,Respiratory,10,24,1.8,81,Yes,Yes,4390,3310,1460,1090,4420,4060,22.8,Yes,0,No,No,24,12.6,No,28
FLU-506,ICU D,2024-08-27,90,Male,63.7,No,No,No,Yes,Abdominal,6,31,2.9,75,Yes,No,3480,1190,4660,4070,3020,2390,55.1,Yes,0,No,No,28,18,No,28
FLU-507,ICU C,2024-08-28,78,Male,53.1,No,No,No,Yes,Respiratory,5,23,1.2,73,No,No,900,1510,930,1470,1680,2180,-31.1,No,0,No,No,28,4.5,No,28
FLU-508,ICU A,2024-08-28,60,Female,55.6,No,No,No,Yes,Abdominal,11,29,2.9,78,Yes,Yes,3940,1480,3030,2360,970,680,61.5,Yes,3,Yes,Yes,0,5.6,Yes,6
FLU-509,ICU B,2024-08-29,62,Female,40.5,No,Yes,No,No,Respiratory,13,28,7,68,Yes,No,1070,910,1130,1090,1110,1060,6.2,Yes,3,Yes,Yes,0,11.8,Yes,12
FLU-510,ICU C,2024-08-31,94,Female,44.4,No,Yes,No,Yes,Abdominal,6,17,2.6,74,Yes,No,720,1320,1790,1970,970,1190,-22.5,No,0,No,No,28,6.5,No,28
FLU-511,ICU B,2024-08-31,44,Female,68.2,Yes,No,No,No,Respiratory,11,20,3.1,74,No,Yes,1670,1990,720,1130,2320,2440,-12.5,No,0,No,No,24,7.8,No,28
FLU-512,ICU C,2024-09-01,80,Female,48.3,Yes,No,No,Yes,Respiratory,1,3,0.5,83,No,No,650,1170,3750,4010,2260,2400,-19,No,0,No,No,28,4,No,28
FLU-513,ICU B,2024-09-06,68,Male,62.3,No,No,No,No,Urinary,7,20,5.1,73,No,Yes,2810,2770,2330,2320,2390,2380,1,Yes,0,No,No,0,1.7,Yes,2
FLU-514,ICU A,2024-09-07,43,Male,64,No,No,No,No,Abdominal,7,18,2.3,86,No,No,870,920,1120,1440,1270,1610,-11.1,No,1,Yes,No,28,4.3,No,28
FLU-515,ICU B,2024-09-07,89,Male,41.3,No,No,Yes,Yes,Respiratory,8,21,1.9,83,No,No,710,1150,1280,1810,2120,2270,-27.1,No,2,Yes,No,28,8.4,No,28
FLU-516,ICU B,2024-09-07,62,Male,56.4,No,No,No,Yes,Skin/soft tissue,8,20,3.9,67,Yes,Yes,2080,1160,3180,2730,2320,2220,26.1,Yes,3,Yes,Yes,0,4.8,Yes,5
FLU-517,ICU B,2024-09-08,47,Male,74.6,Yes,No,No,No,Urinary,12,18,1.8,77,No,No,4270,1680,2140,1070,3220,2120,63.8,Yes,0,No,No,28,10.2,No,28
FLU-518,ICU D,2024-09-09,44,Male,63,No,No,No,No,Respiratory,11,28,3.1,71,Yes,Yes,2180,1000,2750,2280,2190,1800,32.4,Yes,2,Yes,No,0,0.5,Yes,1
FLU-519,ICU B,2024-09-10,61,Male,79.6,No,No,No,Yes,Respiratory,4,12,1.2,84,No,No,1510,2460,3160,3540,2370,2700,-20.9,No,2,Yes,No,28,1.6,No,28
FLU-520,ICU D,2024-09-12,66,Male,77.1,No,No,No,Yes,Respiratory,9,31,2.2,63,Yes,Yes,2260,1300,2280,1360,2780,1190,45,Yes,3,Yes,Yes,0,9.8,Yes,10
FLU-521,ICU D,2024-09-14,61,Female,60.8,Yes,No,No,No,Respiratory,5,26,3.1,65,No,Yes,920,880,1480,1440,2960,2950,1.5,Yes,3,Yes,Yes,22,17.6,No,28
FLU-522,ICU C,2024-09-16,87,Female,48.4,Yes,No,No,Yes,Respiratory,8,27,,62,Yes,No,3520,2640,1380,1220,2060,1920,24.4,Yes,0,No,No,0,26.3,Yes,27
FLU-523,ICU C,2024-09-16,32,Male,73.8,No,No,No,No,Urinary,10,20,1.6,74,No,No,3900,1460,1720,1410,6270,6030,40.5,Yes,1,Yes,No,28,1.3,No,28
FLU-524,ICU C,2024-09-16,77,Male,67.6,No,No,No,Yes,Urinary,5,14,,90,No,No,2370,2050,2220,2070,1930,1810,8.7,Yes,0,No,No,28,3.9,No,28
FLU-525,ICU D,2024-09-17,61,Male,74.6,Yes,No,Yes,No,Respiratory,7,21,5.2,70,Yes,Yes,3070,1210,2340,1830,2220,1620,39.8,Yes,2,Yes,No,22,13,No,28
FLU-526,ICU D,2024-09-18,55,Female,86.4,No,No,No,Yes,Respiratory,4,13,,75,No,Yes,2020,1560,3910,3660,2420,2200,10.8,Yes,0,No,No,25,8.7,No,28
FLU-527,ICU A,2024-09-19,56,Male,75.6,No,No,No,Yes,Urinary,8,20,2.6,69,No,No,520,1340,860,1850,3320,3590,-27.5,No,0,No,No,28,6.3,No,28
FLU-528,ICU C,2024-09-19,34,Male,79,No,No,No,No,Skin/soft tissue,6,17,1.3,69,No,Yes,800,850,610,1090,1230,1640,-11.9,No,0,No,No,24,8.2,No,28
FLU-529,ICU B,2024-09-20,,Female,51.4,No,No,No,Yes,Urinary,3,15,,75,No,No,1000,1110,1850,1910,2220,2260,-4.1,No,0,No,No,28,5.2,No,28
FLU-530,ICU A,2024-09-21,73,Female,56.3,No,No,No,No,Other,5,12,,82,No,Yes,2490,4000,720,1410,1280,1940,-50.8,No,3,Yes,Yes,25,5.4,No,28
FLU-531,ICU D,2024-09-22,69,Male,42.3,No,No,No,No,Abdominal,5,16,,66,No,No,3130,3320,3150,3210,1130,1170,-6.9,No,2,Yes,No,28,2.6,No,28
FLU-532,ICU B,2024-09-22,70,Male,74.1,No,No,No,No,Skin/soft tissue,10,30,4.9,62,Yes,Yes,2300,1100,1940,1400,3080,2200,35.4,Yes,0,No,No,14,6.2,No,28
FLU-533,ICU D,2024-09-24,85,Female,68.2,No,Yes,Yes,No,Abdominal,7,24,1.3,74,No,No,1600,1530,1430,1370,2430,2420,2.1,Yes,1,Yes,No,0,1.9,Yes,2
FLU-534,ICU A,2024-09-24,48,Female,54.1,No,No,No,No,Respiratory,7,14,3.5,81,No,No,2080,1730,2420,2320,1970,1920,9.2,Yes,0,No,No,28,7.7,No,28
FLU-535,ICU A,2024-09-25,74,Male,76,No,No,Yes,Yes,Respiratory,9,32,4.3,59,Yes,No,1910,1800,960,860,2340,2270,3.7,Yes,3,Yes,Yes,28,6.8,No,28
FLU-536,ICU B,2024-09-25,59,Female,71,Yes,No,No,Yes,Skin/soft tissue,2,8,,76,No,No,2960,2440,1550,1410,4060,3880,11.8,Yes,0,No,No,28,2.3,No,28
FLU-537,ICU B,2024-09-25,71,Male,86.3,Yes,Yes,No,Yes,Abdominal,8,22,2.1,62,Yes,Yes,670,790,1130,1280,1330,1540,-5.6,No,0,No,No,0,13,Yes,13
FLU-538,ICU D,2024-09-27,57,Female,63.7,No,No,No,Yes,Urinary,8,11,1.4,87,Yes,No,1930,1140,2000,1570,2580,2420,21.7,Yes,0,No,No,0,12.2,Yes,13
FLU-539,ICU B,2024-09-27,65,Male,67.9,Yes,No,No,Yes,Respiratory,9,28,4.1,70,Yes,Yes,2710,2170,4500,3920,2410,2260,18.7,Yes,1,Yes,No,0,24.3,Yes,25
FLU-540,ICU A,2024-09-28,32,Female,52.7,No,No,No,Yes,Respiratory,6,12,,74,No,No,1980,2400,3780,3970,1500,1630,-14,No,0,No,No,28,5.4,No,28
FLU-541,ICU B,2024-09-28,65,Male,49.9,No,No,No,No,Other,6,12,2.8,74,No,Yes,1690,1960,1800,1970,2610,2710,-10.8,No,0,No,No,25,15.3,No,28
FLU-542,ICU A,2024-09-29,57,Female,57.6,No,No,No,No,Urinary,9,18,1.7,75,No,No,1710,1470,2180,1860,3530,3190,15.6,Yes,0,No,No,28,6.1,No,28
FLU-543,ICU A,2024-09-30,77,Female,45.5,No,No,No,Yes,Abdominal,5,10,1.3,77,No,Yes,1450,1250,1510,1420,3300,3230,7.9,Yes,0,No,No,24,3.7,No,28
FLU-544,ICU C,2024-09-30,47,Male,65.1,No,No,No,No,Respiratory,9,22,3.2,55,Yes,Yes,3350,1440,1050,670,2550,2030,43.2,Yes,2,Yes,No,0,11,Yes,11
FLU-545,ICU C,2024-09-30,30,Female,52.1,No,No,No,No,Abdominal,11,23,3.5,62,No,Yes,530,1090,1020,1180,730,1060,-20.2,No,0,No,No,24,12.9,No,28
FLU-546,ICU B,2024-10-07,86,Male,52.3,No,No,No,Yes,Urinary,8,27,3.6,71,Yes,No,2410,1380,2530,1850,1680,1440,37.3,Yes,3,Yes,Yes,28,2,No,28
FLU-547,ICU A,2024-10-07,42,Female,54.7,No,No,Yes,No,Other,10,13,2.7,64,Yes,No,1580,1760,2960,3160,1340,1410,-8.2,No,0,No,No,28,9.1,No,28
FLU-548,ICU A,2024-10-08,68,Female,82,No,No,No,Yes,Respiratory,7,19,3.5,69,Yes,Yes,1490,1240,1220,1170,3280,3200,4.6,Yes,0,No,No,21,7.3,No,28
FLU-549,ICU B,2024-10-12,57,Male,74.8,No,No,No,No,Respiratory,3,7,,82,No,Yes,840,810,2970,3350,2680,2790,-6.1,No,0,No,No,25,12.1,No,28
FLU-550,ICU A,2024-10-14,74,Female,65.1,No,No,Yes,No,Respiratory,5,26,3,81,No,Yes,1310,1410,2250,2330,1950,1990,-3.4,No,0,No,No,21,7.7,No,28
FLU-551,ICU C,2024-10-15,76,Male,72.2,Yes,No,No,Yes,Respiratory,1,18,1.9,92,No,Yes,1080,2700,1240,1940,1800,2320,-39.3,No,0,No,No,27,2.5,No,28
FLU-552,ICU C,2024-10-15,67,Female,67.7,Yes,No,No,No,Urinary,12,31,5.3,68,Yes,No,1890,1080,2370,1610,2940,2660,27.3,Yes,0,No,No,28,3.9,No,28
FLU-553,ICU A,2024-10-16,68,Male,75.3,Yes,No,No,Yes,Respiratory,6,21,1.3,79,No,No,660,1720,1180,1640,1350,2020,-29.1,No,0,No,No,28,7.8,No,28
FLU-554,ICU B,2024-10-18,73,Male,88.2,No,No,No,Yes,Respiratory,4,15,3,86,No,Yes,3810,2520,4700,2180,1790,1220,49.7,Yes,0,No,No,0,13.6,Yes,14
FLU-555,ICU B,2024-10-21,49,Male,64.7,Yes,No,No,No,Abdominal,11,20,1.9,78,Yes,Yes,3440,2010,2500,1630,2490,2010,43,Yes,1,Yes,No,24,8.5,No,28
FLU-556,ICU A,2024-10-23,48,Male,57.7,No,No,No,No,Skin/soft tissue,4,10,1.9,75,No,No,3680,3230,3530,3290,2840,2280,21.7,Yes,0,No,No,28,3.4,No,28
FLU-557,ICU A,2024-10-23,61,Male,73.9,No,No,No,No,Respiratory,6,23,9,67,No,Yes,770,900,2050,2130,1930,1970,-3.4,No,0,No,No,26,24.7,No,28
FLU-558,ICU A,2024-10-26,61,Female,45.8,No,No,No,Yes,Respiratory,4,20,1.9,71,Yes,No,3250,2940,2360,2090,2140,1700,22.3,Yes,3,Yes,Yes,28,8.1,No,28
FLU-559,ICU C,2024-10-28,53,Male,67.5,No,No,No,No,Urinary,9,18,,85,Yes,No,1570,1220,2690,2480,2170,1970,11.3,Yes,1,Yes,No,28,5.1,No,28
FLU-560,ICU B,2024-10-30,70,Male,90.2,No,No,No,Yes,Skin/soft tissue,3,19,,75,No,No,3330,2840,2650,2130,2310,1950,15.2,Yes,2,Yes,No,28,3.6,No,28
FLU-561,ICU B,2024-10-30,57,Male,82.1,No,No,No,Yes,Respiratory,8,31,2.8,75,Yes,Yes,4130,1660,2790,1590,3590,2540,57.5,Yes,2,Yes,No,0,0.5,Yes,1
FLU-562,ICU B,2024-11-01,18,Male,85.1,No,No,No,No,Other,5,6,1.1,81,No,No,2210,1700,4570,4460,3080,2970,8.6,Yes,0,No,No,28,3,No,28
FLU-563,ICU B,2024-11-02,59,Male,71.6,No,No,No,Yes,Skin/soft tissue,13,26,3.5,58,No,Yes,1170,1370,1870,1920,1440,1510,-4.5,No,3,Yes,No,21,7.9,No,28
FLU-564,ICU C,2024-11-03,70,Female,72.8,No,No,Yes,Yes,Urinary,5,14,2.1,73,No,No,650,890,1370,2050,2950,3380,-18.5,No,0,No,No,28,7.4,No,28
FLU-565,ICU B,2024-11-04,46,Female,58.1,No,No,No,No,Urinary,10,16,3.5,76,No,Yes,2410,1690,2310,2160,2850,2810,15.7,Yes,2,Yes,No,20,4,No,28
FLU-566,ICU D,2024-11-04,47,Male,55.3,No,No,No,No,Respiratory,9,15,1.6,93,Yes,Yes,3150,1820,2180,1490,2540,1870,48.6,Yes,1,Yes,No,22,7.5,No,28
FLU-567,ICU D,2024-11-05,55,Male,81.4,No,No,No,Yes,Respiratory,2,17,1.7,83,No,No,1540,1650,3670,4090,2630,2650,-6.8,No,0,No,No,28,3.4,No,28
FLU-568,ICU A,2024-11-06,67,Male,70.4,No,No,Yes,Yes,Urinary,9,16,2.1,78,No,Yes,2180,1430,3080,1820,2290,1630,37.9,Yes,2,Yes,No,0,6.9,Yes,7
FLU-569,ICU B,2024-11-07,65,Male,80.3,No,No,No,Yes,Respiratory,7,24,2.1,81,No,No,4250,3310,2610,1980,1810,1400,24.7,Yes,3,Yes,Yes,0,11.9,Yes,12
FLU-570,ICU C,2024-11-07,51,Male,62.4,No,No,No,No,Other,10,19,2.2,71,No,Yes,2460,2620,1850,2050,1240,1300,-6.7,No,1,Yes,No,22,17.8,No,28
FLU-571,ICU C,2024-11-11,79,Male,54,No,No,No,Yes,Skin/soft tissue,9,25,2.7,74,Yes,Yes,1550,1410,2180,2070,1560,1520,5.4,Yes,3,Yes,No,0,2.3,Yes,3
FLU-572,ICU A,2024-11-12,76,Male,65.1,No,Yes,No,No,Respiratory,9,20,2.8,62,Yes,Yes,3470,2570,1890,1170,2270,1550,35.9,Yes,2,Yes,No,20,7.5,No,28
FLU-573,ICU C,2024-11-13,64,Female,54.9,No,No,No,Yes,Abdominal,9,22,2.1,74,No,Yes,940,1150,4330,4380,1860,1890,-5.3,No,0,No,No,23,6,No,28
FLU-574,ICU C,2024-11-13,46,Female,69.3,No,No,No,No,Skin/soft tissue,8,12,2.7,81,No,Yes,1070,1020,1210,1170,2210,2180,1.7,Yes,0,No,No,0,0.6,Yes,1
FLU-575,ICU A,2024-11-13,61,Male,74.5,Yes,No,No,Yes,Respiratory,7,16,1.8,88,No,Yes,780,980,600,1530,1130,1320,-17.7,No,1,Yes,No,0,26.7,Yes,27
FLU-576,ICU D,2024-11-14,43,Male,38,No,No,No,Yes,Respiratory,7,13,1.3,80,Yes,Yes,2180,1850,2100,1930,2380,2260,16.3,Yes,0,No,No,0,0.6,Yes,1
FLU-577,ICU B,2024-11-14,75,Male,104.2,Yes,No,No,No,Abdominal,5,24,1.6,73,No,Yes,2090,1240,3070,2870,1470,1080,13.8,Yes,0,No,No,0,1,Yes,1
FLU-578,ICU C,2024-11-15,51,Female,70.7,No,No,No,No,Urinary,8,25,2.8,67,No,No,580,1410,2110,2560,1780,2350,-26.2,No,2,Yes,Yes,28,5.8,No,28
FLU-579,ICU C,2024-11-16,84,Male,50.8,No,No,No,No,Respiratory,7,19,,75,No,No,4440,3310,4430,3660,1750,1530,41.7,Yes,0,No,No,28,5.7,No,28
FLU-580,ICU A,2024-11-17,76,Female,54.4,No,No,No,Yes,Respiratory,6,27,,61,Yes,No,1990,1650,1450,1260,3320,3060,14.5,Yes,1,Yes,No,0,9.3,Yes,10
FLU-581,ICU B,2024-11-18,45,Male,73.5,No,No,No,Yes,Abdominal,12,30,7,50,Yes,Yes,2710,1320,2030,1390,1930,1130,38.5,Yes,3,Yes,Yes,0,0.5,Yes,1
FLU-582,ICU A,2024-11-21,66,Male,73.4,No,No,No,Yes,Respiratory,8,26,2.9,56,Yes,Yes,1560,1350,1700,1560,2780,2680,6.1,Yes,2,Yes,No,19,9.6,No,28
FLU-583,ICU C,2024-11-22,59,Male,67.3,No,No,No,No,Respiratory,7,18,2.1,62,Yes,No,1860,1240,2710,2500,2260,2060,15.3,Yes,1,Yes,No,0,4.4,Yes,5
FLU-584,ICU C,2024-11-23,77,Female,44.7,Yes,Yes,No,Yes,Respiratory,8,25,3.1,57,Yes,Yes,600,780,610,570,1430,1470,-4,No,3,Yes,Yes,0,25.9,Yes,26
FLU-585,ICU A,2024-11-24,56,Female,55.3,Yes,No,No,No,Abdominal,5,13,3.6,62,No,Yes,2140,1510,3310,2990,2010,1660,23.5,Yes,2,Yes,No,25,6.9,No,28
FLU-586,ICU C,2024-11-24,69,Male,44,No,No,No,No,Skin/soft tissue,11,31,4.1,68,No,Yes,2840,2260,1600,1290,1410,1300,22.7,Yes,3,Yes,Yes,10,12.1,No,28
FLU-587,ICU B,2024-11-24,73,Female,59.3,No,Yes,No,Yes,Urinary,4,20,1.1,79,Yes,No,4090,2530,1490,1090,2810,2420,39.6,Yes,2,Yes,No,28,6.6,No,28
FLU-588,ICU D,2024-11-26,66,Male,62,No,No,No,No,Respiratory,7,17,,84,Yes,Yes,1700,2170,2250,2430,2490,2630,-12.7,No,1,Yes,No,27,6,No,28
FLU-589,ICU B,2024-11-26,84,Male,52,No,No,No,Yes,Other,11,29,2.6,69,Yes,No,1630,1400,780,680,1860,1720,9,Yes,3,Yes,No,0,16,Yes,16
FLU-590,ICU C,2024-11-28,54,Male,71.4,Yes,No,No,Yes,Respiratory,4,8,,98,No,Yes,2330,2580,3280,3530,2460,2630,-9.4,No,0,No,No,25,2.6,No,28
FLU-591,ICU C,2024-11-29,33,Male,61.8,No,No,No,No,Respiratory,11,30,5.6,64,Yes,Yes,1900,890,2180,1360,3000,2560,36.7,Yes,3,Yes,No,7,4.4,No,28
FLU-592,ICU A,2024-11-30,44,Female,48.6,Yes,No,No,No,Other,5,3,,88,No,No,1040,1700,2900,2980,1790,1880,-17.1,No,0,No,No,28,3.6,No,28
FLU-593,ICU C,2024-11-30,52,Male,57.9,No,No,No,Yes,Abdominal,8,19,3.3,59,Yes,Yes,1880,1210,3450,2950,2060,1760,25.4,Yes,1,Yes,No,22,17.2,No,28
FLU-594,ICU D,2024-12-02,45,Female,64.6,No,No,No,No,Respiratory,8,,3.9,68,No,Yes,2150,1420,1160,710,1860,1500,23.8,Yes,0,No,No,15,4.5,No,28
FLU-595,ICU C,2024-12-02,81,Male,70.1,No,No,No,Yes,Respiratory,11,18,4,67,No,No,710,910,1220,1940,940,1110,-15.5,No,2,Yes,No,28,5.4,No,28
FLU-596,ICU C,2024-12-02,46,Female,45.8,No,No,No,No,Urinary,10,15,2.9,74,Yes,No,2350,1490,3120,2930,3280,3090,27.1,Yes,2,Yes,No,28,13.5,No,28
FLU-597,ICU D,2024-12-03,60,Female,68,No,No,No,No,Respiratory,12,28,5,72,Yes,Yes,2340,1500,880,740,1440,1200,17.9,Yes,0,No,No,0,4.5,Yes,5
FLU-598,ICU D,2024-12-04,70,Female,77.4,Yes,No,No,No,Respiratory,7,16,3.7,80,No,Yes,3240,1150,2830,1180,2340,1360,61,Yes,1,Yes,No,20,5.4,No,28
FLU-599,ICU C,2024-12-04,79,Female,78.3,No,Yes,No,No,Respiratory,7,20,3.9,77,Yes,Yes,860,1770,1140,1420,920,1680,-24.9,No,0,No,No,0,1.7,Yes,2
FLU-600,ICU C,2024-12-06,75,Male,73.6,No,No,No,Yes,Respiratory,6,20,2.7,75,Yes,Yes,1290,1030,1220,1150,2010,1910,5.8,Yes,3,Yes,Yes,0,5.4,Yes,6
FLU-601,ICU A,2024-12-07,76,Male,76.2,No,No,No,Yes,Respiratory,3,10,,79,No,No,2130,2440,1870,2050,2830,2930,-7.7,No,0,No,No,28,2.3,No,28
FLU-602,ICU D,2024-12-07,34,Male,68.5,No,No,No,No,Respiratory,8,25,2.6,57,Yes,No,4660,2630,3510,2650,1510,1300,45.3,Yes,2,Yes,No,28,6.7,No,28
FLU-603,ICU B,2024-12-07,55,Female,55.2,Yes,No,No,No,Respiratory,7,23,1.7,65,Yes,Yes,2180,2320,950,1400,1930,2000,-12,No,1,Yes,No,17,9.1,No,28
FLU-604,ICU C,2024-12-07,49,Female,47.8,No,Yes,No,No,Respiratory,11,24,3.7,73,Yes,Yes,2330,1790,1660,1290,1860,1630,23.8,Yes,3,Yes,No,22,13.5,No,28
FLU-605,ICU C,2024-12-11,63,Female,51,No,Yes,No,Yes,Respiratory,12,29,3.7,77,Yes,Yes,1890,1150,3240,2750,2210,2020,27.8,Yes,3,Yes,No,16,12,No,28
FLU-606,ICU B,2024-12-17,48,Male,68.4,No,Yes,No,Yes,Respiratory,9,11,2.3,81,No,No,2480,1630,3730,2780,3050,2270,37.7,Yes,3,Yes,Yes,28,4.1,No,28
FLU-607,ICU A,2024-12-19,56,Female,72.4,No,No,No,No,Respiratory,3,19,,71,No,No,2240,2350,1620,1690,2420,2440,-2.8,No,0,No,No,0,3.2,Yes,4
FLU-608,ICU B,2024-12-19,56,Male,48,No,No,No,No,Abdominal,6,26,2.4,77,No,No,3220,1800,2490,1970,1990,1540,49.8,Yes,0,No,No,28,4.7,No,28
FLU-609,ICU D,2024-12-20,67,Male,68.1,No,No,No,No,Respiratory,7,26,4.3,65,Yes,Yes,3290,1720,3270,2740,2070,1670,36.7,Yes,3,Yes,No,0,26.6,Yes,27
FLU-610,ICU C,2024-12-20,58,Male,46.3,No,No,No,No,Abdominal,9,21,2.9,74,No,No,2400,2040,2170,1900,3970,3750,18.4,Yes,1,Yes,No,0,3.9,Yes,4
FLU-611,ICU C,2024-12-22,84,Female,67.4,Yes,No,Yes,No,Urinary,8,14,4.5,74,Yes,Yes,900,1960,2040,2770,1790,1970,-29.2,No,0,No,No,22,15,No,28
FLU-612,ICU B,2024-12-22,61,Male,85.5,No,No,No,Yes,Skin/soft tissue,10,23,5.8,63,Yes,Yes,1980,1060,1150,720,1480,760,24.2,Yes,3,Yes,No,19,12.4,No,28
FLU-613,ICU D,2024-12-22,36,Male,77.7,No,No,No,No,Respiratory,4,13,,83,No,No,1830,1720,1910,1860,2450,2430,2.3,Yes,1,Yes,No,28,3.3,No,28
FLU-614,ICU B,2024-12-24,48,Male,72.2,No,No,No,No,Abdominal,9,23,3.8,72,Yes,Yes,2090,840,3250,2630,2630,2090,33.4,Yes,3,Yes,Yes,0,5.4,Yes,6
FLU-615,ICU D,2024-12-25,60,Male,74.7,No,No,No,No,Respiratory,9,20,2.5,57,No,Yes,1150,1380,2230,2340,1400,1440,-5.1,No,0,No,No,24,6.9,No,28
FLU-616,ICU C,2024-12-26,84,Male,51.5,Yes,Yes,Yes,No,Urinary,8,18,2.4,78,No,No,1870,1900,2820,2850,1450,1460,-1.4,No,2,Yes,No,0,8.8,Yes,9
FLU-617,ICU D,2024-12-29,46,Male,72.5,No,No,No,No,Other,8,18,5,74,No,No,1840,1450,2080,1830,2660,2480,11.3,Yes,0,No,No,28,5.8,No,28
FLU-618,ICU A,2024-12-30,44,Female,63.6,No,No,No,No,Abdominal,2,6,,82,No,No,1270,2320,3390,4460,980,1540,-42.1,No,0,No,No,28,3.1,No,28
FLU-619,ICU B,2024-12-30,66,Male,75.6,No,No,No,No,Abdominal,9,30,8.2,62,Yes,Yes,2160,940,2110,1290,2720,2250,33.2,Yes,3,Yes,Yes,16,10.6,No,28
FLU-620,ICU C,2024-12-30,76,Male,71.6,No,No,No,Yes,Skin/soft tissue,4,16,2.9,72,No,Yes,2240,1400,2300,1990,910,710,18.9,Yes,0,No,No,0,3.4,Yes,4
